sickle_address,tx_hash,block_date,block_time,block_number,log_index,address,from,to,token_id
0xd806b7b98c47f831b967a3e0629c2b3ea8c4b238,0xb7dffc5fd4ac63f3dc90d841b5f5dd27dc41bd32a165bab5b3b74ad20a24f4c5,20-08-2025,2025-08-20 10:50:12.000 UTC,67359801,44,0x3fED017EC0f5517Cdf2E8a9a4156c64d74252146,0xD806B7B98c47f831b967A3e0629C2B3eA8C4B238,0x0000000000000000000000000000000000000000,322297
0xd806b7b98c47f831b967a3e0629c2b3ea8c4b238,0xb7dffc5fd4ac63f3dc90d841b5f5dd27dc41bd32a165bab5b3b74ad20a24f4c5,20-08-2025,2025-08-20 10:50:12.000 UTC,67359801,66,0x3fED017EC0f5517Cdf2E8a9a4156c64d74252146,0x0000000000000000000000000000000000000000,0xD806B7B98c47f831b967A3e0629C2B3eA8C4B238,322451
0xc9f249baafcc20e7ec8ddf38113ebf6037daa737,0x28523d6540edd296675aff212b5f3131a6dccefdfc3fdddcff8d7e29154a7bc6,04-10-2025,2025-10-04 16:15:08.000 UTC,69764062,105,0x3fED017EC0f5517Cdf2E8a9a4156c64d74252146,0xC9f249baAfcC20e7eC8DDf38113eBF6037daa737,0x0000000000000000000000000000000000000000,729950
0xc9f249baafcc20e7ec8ddf38113ebf6037daa737,0x28523d6540edd296675aff212b5f3131a6dccefdfc3fdddcff8d7e29154a7bc6,04-10-2025,2025-10-04 16:15:08.000 UTC,69764062,127,0x3fED017EC0f5517Cdf2E8a9a4156c64d74252146,0x0000000000000000000000000000000000000000,0xC9f249baAfcC20e7eC8DDf38113eBF6037daa737,730123
0xd806b7b98c47f831b967a3e0629c2b3ea8c4b238,0xe0ed7ffad9fb0c7f807efcbaf554a9783a76bd83b9046aa6c4dc8962235aab31,23-10-2025,2025-10-23 10:19:07.000 UTC,70776229,61,0x3fED017EC0f5517Cdf2E8a9a4156c64d74252146,0xD806B7B98c47f831b967A3e0629C2B3eA8C4B238,0x0000000000000000000000000000000000000000,977011
0xd806b7b98c47f831b967a3e0629c2b3ea8c4b238,0xe0ed7ffad9fb0c7f807efcbaf554a9783a76bd83b9046aa6c4dc8962235aab31,23-10-2025,2025-10-23 10:19:07.000 UTC,70776229,83,0x3fED017EC0f5517Cdf2E8a9a4156c64d74252146,0x0000000000000000000000000000000000000000,0xD806B7B98c47f831b967A3e0629C2B3eA8C4B238,977986
0x564e55eff176f52ad9c909025dc05f481192ee4b,0xab6c283a9823355a051607ea0e5d7ed8f8774df9cc0b1adef8aec92a1b32a848,24-08-2025,2025-08-24 20:38:00.000 UTC,67584645,36,0x3fED017EC0f5517Cdf2E8a9a4156c64d74252146,0x564E55eFf176f52AD9c909025dc05F481192EE4b,0x0000000000000000000000000000000000000000,368563
0x564e55eff176f52ad9c909025dc05f481192ee4b,0xab6c283a9823355a051607ea0e5d7ed8f8774df9cc0b1adef8aec92a1b32a848,24-08-2025,2025-08-24 20:38:00.000 UTC,67584645,82,0x3fED017EC0f5517Cdf2E8a9a4156c64d74252146,0x0000000000000000000000000000000000000000,0x564E55eFf176f52AD9c909025dc05F481192EE4b,370111
0x1c829a09ec10e3ea4d44797ca315039cec6ce903,0x604ecbc49b37ecf0c2c98277d9fff861d7a8e153b8c4c3fdaa6c4bb6735715fc,25-09-2025,2025-09-25 13:12:05.000 UTC,69275431,120,0x3fED017EC0f5517Cdf2E8a9a4156c64d74252146,0x1c829a09EC10e3eA4D44797Ca315039cec6Ce903,0x0000000000000000000000000000000000000000,547636
0x1c829a09ec10e3ea4d44797ca315039cec6ce903,0x604ecbc49b37ecf0c2c98277d9fff861d7a8e153b8c4c3fdaa6c4bb6735715fc,25-09-2025,2025-09-25 13:12:05.000 UTC,69275431,141,0x3fED017EC0f5517Cdf2E8a9a4156c64d74252146,0x0000000000000000000000000000000000000000,0x1c829a09EC10e3eA4D44797Ca315039cec6Ce903,650956
0x1c829a09ec10e3ea4d44797ca315039cec6ce903,0x2fc8f07959c6f862b73920f86e52a3d9a8b1457f360195acc0503c2d635aa5e1,19-08-2025,2025-08-19 05:24:53.000 UTC,67295609,103,0x3fED017EC0f5517Cdf2E8a9a4156c64d74252146,0x1c829a09EC10e3eA4D44797Ca315039cec6Ce903,0x0000000000000000000000000000000000000000,303862
0x1c829a09ec10e3ea4d44797ca315039cec6ce903,0x2fc8f07959c6f862b73920f86e52a3d9a8b1457f360195acc0503c2d635aa5e1,19-08-2025,2025-08-19 05:24:53.000 UTC,67295609,125,0x3fED017EC0f5517Cdf2E8a9a4156c64d74252146,0x0000000000000000000000000000000000000000,0x1c829a09EC10e3eA4D44797Ca315039cec6Ce903,306771
