sickle_address,tx_hash,block_date,block_time,block_number,log_index,address
0x5bd24c33e56aadfdb0aa7e0be49e1e2512af96be,0xeab669025f6eb8ab48c00190c999f03abc82d155d0d8285e7db1af681c3f8150,2025-08-10,2025-08-10 05:01:58.000 UTC,66842092,2,0x01A8A00A6fC8106B94f84aAbAef689Fd0D77271A
0x5bd24c33e56aadfdb0aa7e0be49e1e2512af96be,0x7ccd3780281cf1e6223ca5ea24abf97ec9d01387a185f9af5e9d7defc5a6eb51,2025-08-24,2025-08-24 04:33:51.000 UTC,67550114,2,0x01A8A00A6fC8106B94f84aAbAef689Fd0D77271A
0x2173fe72e185696b1ef348e7289594b3a7f4ad2c,0x3990890fc1a7880da9db631d43c2e37346e3d1238e3d2ea54827a5b9f364bbf2,2025-08-31,2025-08-31 22:52:51.000 UTC,67958676,2,0x01A8A00A6fC8106B94f84aAbAef689Fd0D77271A
0xde77e4972672f995d19e275d7652c274778d4cbb,0xf9e61ece6a7e1bce489e8d77347893b988142cc8c3d1a6d35b6bb4b39f91df41,2025-08-10,2025-08-10 05:52:55.000 UTC,66843941,32,0x01A8A00A6fC8106B94f84aAbAef689Fd0D77271A
0x512567df669706e650b7522dd809e03dd9a8af80,0x82a4dcd6e9fc1747f5a8f74dac12c90e4e48967a9665b7e19cc637887d241ca1,2025-08-03,2025-08-03 17:08:48.000 UTC,66506542,5,0x01A8A00A6fC8106B94f84aAbAef689Fd0D77271A
0xde77e4972672f995d19e275d7652c274778d4cbb,0xbe9166679fd35339f50cc8d590cbded130ecd0ce0fa6eb735f7f3b2918cecf25,2025-08-01,2025-08-01 21:25:04.000 UTC,66414761,3,0x01A8A00A6fC8106B94f84aAbAef689Fd0D77271A
0xde77e4972672f995d19e275d7652c274778d4cbb,0xe5b5f70457f7c1dd56ffb998b5fc00d969fdae0a46119973dafc6a5cde8adb3c,2025-08-10,2025-08-10 05:49:02.000 UTC,66843802,2,0x01A8A00A6fC8106B94f84aAbAef689Fd0D77271A
0xea339231a7818e6869b3d9f44a024acc8d1f00a6,0xbccdc2627b9d14d54f340b6545d70104cc7f0e347073533b14885ae2ea4de466,2025-08-10,2025-08-10 05:35:33.000 UTC,66843341,2,0x01A8A00A6fC8106B94f84aAbAef689Fd0D77271A
0x5bd24c33e56aadfdb0aa7e0be49e1e2512af96be,0x8f5dbf0f016f7bab936f82eb72598389f566346adfc59899f96ea4b0bc0f9531,2025-08-10,2025-08-10 04:59:11.000 UTC,66841984,14,0x01A8A00A6fC8106B94f84aAbAef689Fd0D77271A
0x512567df669706e650b7522dd809e03dd9a8af80,0xc2491e9e00766198a3fe8d2d90d8ec7c1d51466ec668c01ce742f6732ce7a29c,2025-10-01,2025-10-01 22:42:10.000 UTC,69617035,2,0x01A8A00A6fC8106B94f84aAbAef689Fd0D77271A
0xea339231a7818e6869b3d9f44a024acc8d1f00a6,0x063942b21218222d64d54e8d2681558a8135783720cec36733b0d7d2f929819b,2025-11-20,2025-11-20 05:38:25.000 UTC,72264618,15,0x01A8A00A6fC8106B94f84aAbAef689Fd0D77271A
0x5bd24c33e56aadfdb0aa7e0be49e1e2512af96be,0xeb0798c0941d9f3bc2bf549a218eff359199d7ef5ff6872161c46bd5da11bca1,2025-08-27,2025-08-27 17:17:10.000 UTC,67735624,9,0x01A8A00A6fC8106B94f84aAbAef689Fd0D77271A
0xde77e4972672f995d19e275d7652c274778d4cbb,0x145a14de15b86030121dace885f418b2c539aadcb3158cfcf471faa1af9e117f,2025-10-08,2025-10-08 23:24:59.000 UTC,69996510,2,0x01A8A00A6fC8106B94f84aAbAef689Fd0D77271A
0x5bd24c33e56aadfdb0aa7e0be49e1e2512af96be,0x39158fecf7b4bae0218f618e2d49ce301d52c2554017cb1c08a2d949a760857e,2025-08-10,2025-08-10 05:01:29.000 UTC,66842073,22,0x01A8A00A6fC8106B94f84aAbAef689Fd0D77271A
0xde77e4972672f995d19e275d7652c274778d4cbb,0x1e002c18e9ae924b69293612e8bee557af1c9104b282899836bce3cc83b1fd76,2025-10-08,2025-10-08 23:28:52.000 UTC,69996651,10,0x01A8A00A6fC8106B94f84aAbAef689Fd0D77271A
0x5bd24c33e56aadfdb0aa7e0be49e1e2512af96be,0x3adc2611e58fb37dc34295169d1897bb5ebc0c14c58e6c64a5a03785084ba5d3,2025-07-19,2025-07-19 00:55:16.000 UTC,65697280,2,0x01A8A00A6fC8106B94f84aAbAef689Fd0D77271A
0x512567df669706e650b7522dd809e03dd9a8af80,0x3918f626c3d5bec09a9bd962d71f4f1a37335ccd07715f345798ae03ac35a10d,2025-08-03,2025-08-03 17:13:00.000 UTC,66506697,22,0x01A8A00A6fC8106B94f84aAbAef689Fd0D77271A
0xea339231a7818e6869b3d9f44a024acc8d1f00a6,0x1203d47390ae6ca252a1c5da2e38b058a169606388bcbefe172a390dc167f511,2025-10-04,2025-10-04 02:25:36.000 UTC,69733314,2,0x01A8A00A6fC8106B94f84aAbAef689Fd0D77271A
0xde77e4972672f995d19e275d7652c274778d4cbb,0x9e645efdba7a8cad6c4af8322955a1362b611e1a0bb94e34514dcbbff1b2268f,2025-08-03,2025-08-03 07:18:29.000 UTC,66485417,2,0x01A8A00A6fC8106B94f84aAbAef689Fd0D77271A
