sickle_address,tx_hash,block_date,block_time,log_index,block_number,address,token_id,liquidity,amount0,amount1
0xf92e2e0c8a841ac26b7cbdefc27732a4f07c6105,0x1bde968f3fb533c35f2c7abce7ce4822a294924a838a5f10f5f06b2b37554891,2025-05-14,2025-05-14 03:48:53.000 UTC,106,30202593,0x827922686190790b37229fd06084350E74485b72,13588852,76997563949977577,30086527055017609425050,300332068
0xd38f4e03cb01685fcfc811f28b90bdcd222120ff,0xea3d2f4cee7dc32ff732829a474fdca886e9426400a783ec756a5d2dd14b0b01,2025-05-21,2025-05-21 06:41:35.000 UTC,133,30510174,0x03a520b32C04BF3bEEf7BEb72E919cf822Ed34f1,3070192,7067032204530917214898,38194550981217024,161484519108595841059641
0x9c3ade0b6810b3319d378d3bbc73a804d5b7e064,0x388ab7949d876d0fb500094520a85386bf2b6f50887ccc4bff46da198bc35fff,2025-01-14,2025-01-14 21:18:21.000 UTC,166,25050077,0x827922686190790b37229fd06084350E74485b72,5531284,18726353485494448266143,102225472333826234,38806487736740792340514
0xe08c38abbdc260b14870ed4e40b6360e739adfb6,0x310d15ca028e8966c0a5303e7e58c032f044e4f3b9cf5fe5f858aaabffdc183c,2024-12-12,2024-12-12 02:35:25.000 UTC,604,23590789,0x827922686190790b37229fd06084350E74485b72,3870943,5917364492129986338,817853176649666313198,955844861
0xe08c38abbdc260b14870ed4e40b6360e739adfb6,0xd08098d51f5be6adbd26668e1fdcf297d44ddf1c58b37d6b983e30da7d037400,2024-12-12,2024-12-12 02:33:51.000 UTC,534,23590742,0x827922686190790b37229fd06084350E74485b72,3871402,274619110114153679412,227715757641879869672,128994404625209306
0xe7d1fcd08e4b9ade4f885fd945d1019f3170c346,0xa95d744eb2cd816523def62a5660e012d8effb24d77dbffb2958fa18f499bc66,2024-12-08,2024-12-08 05:31:09.000 UTC,463,23423261,0x827922686190790b37229fd06084350E74485b72,3655474,465867303636255136,24223354,299720048753359739652875
0x2173fe72e185696b1ef348e7289594b3a7f4ad2c,0xfb208ab1b1ed6ffde306c9d6f97c795da8d42b8a75acc14dffbbd395b63bde10,2025-05-20,2025-05-20 05:23:13.000 UTC,151,30464623,0x827922686190790b37229fd06084350E74485b72,14089769,500606042558875899,385194012,916855307979499022622196
0x5bd24c33e56aadfdb0aa7e0be49e1e2512af96be,0x9bf5bac86aba857985247525fbaab0f535a0958b89f68aceaa575b6c5fefc422,2024-12-10,2024-12-10 01:41:23.000 UTC,150,23502768,0x827922686190790b37229fd06084350E74485b72,3749479,682046745983660628722,479579610413938421682,350683779144221078
0xe08c38abbdc260b14870ed4e40b6360e739adfb6,0x94f67e4158eaf993c86ec7d5412f55731c5ac03140371c1fd330dcc75b37046c,2024-12-07,2024-12-07 23:50:09.000 UTC,234,23413031,0x827922686190790b37229fd06084350E74485b72,3632748,815113809252303556,8852811486,0
0xe08c38abbdc260b14870ed4e40b6360e739adfb6,0xb573dea82eb1c72cbd77ce77130084627265062d2617940f439f476b54a8dcf3,2025-03-05,2025-03-05 06:32:49.000 UTC,133,27183511,0x827922686190790b37229fd06084350E74485b72,8399707,51566114164033180711720,58124933370791750659,7912146896558314334266
0xe08c38abbdc260b14870ed4e40b6360e739adfb6,0x380a720843b695601e8e84297b1f30c348e71baec9616486a03787de3bfd09b7,2024-12-15,2024-12-15 03:00:01.000 UTC,404,23721127,0x827922686190790b37229fd06084350E74485b72,3987339,1527687867279140243923,1342784479187978465675,46696518654980826
0xe7d1fcd08e4b9ade4f885fd945d1019f3170c346,0xc2bf0355897166f1b87e9dc85e50ebe2cc2cbc80287b052104c0e2386cdab443,2025-05-23,2025-05-23 19:23:45.000 UTC,645,30619439,0x827922686190790b37229fd06084350E74485b72,14539151,974182115459327,2781094516186424,209025
0x1f4d710f4ba62bd2fd17b1ef042a149dea3d3f82,0x45bb415bd0b6111996fa160efc709c7f0fb21bd75c1401aca3324e0a16fe97e1,2025-07-10,2025-07-10 20:29:31.000 UTC,100,32695012,0x827922686190790b37229fd06084350E74485b72,18059074,24675057234502358,0,186181536887171032331366
0x7f581540938546a343d76a7f40171490de6b7b19,0xad3d8305edbf0b5139e834bcfd13d746f4515cd8691b93170f9f40d031ae4fb9,2025-05-19,2025-05-19 05:39:01.000 UTC,56,30421897,0x03a520b32C04BF3bEEf7BEb72E919cf822Ed34f1,3044095,949419143923837519248,21701258046410099,20108409106014642060670
0x1f4d710f4ba62bd2fd17b1ef042a149dea3d3f82,0x6eef5cc8d9b84e3042f4823c31d0797fd629834761a27e68d39e9a2395a4e660,2024-12-08,2024-12-08 06:31:51.000 UTC,293,23425082,0x827922686190790b37229fd06084350E74485b72,3654623,571672105249045361,5231155022,247084812969334401109253
0x1f4d710f4ba62bd2fd17b1ef042a149dea3d3f82,0x2aff962fa2f508fb23cca65015e51a5b1495275a4e9be575888ef35ad87798ea,2025-01-16,2025-01-16 23:19:55.000 UTC,259,25140124,0x827922686190790b37229fd06084350E74485b72,5664424,281333663237748648886,263569498068723097293,85331611274853159
0xd38f4e03cb01685fcfc811f28b90bdcd222120ff,0x15d00256f64b0b858b9feb695f5413b6331b6b13c60c99d8811ddf640c6a1482,2025-03-09,2025-03-09 05:25:25.000 UTC,134,27354289,0x827922686190790b37229fd06084350E74485b72,8712109,69970671035722619680102,369535186830931203612,77661073097895685698203
0x9c3ade0b6810b3319d378d3bbc73a804d5b7e064,0x430ea7b81f91fe613494eca0e23ef7261ab5104564eeacec4992bda26da0b833,2025-01-17,2025-01-17 21:00:29.000 UTC,345,25179141,0x827922686190790b37229fd06084350E74485b72,5721499,203416163577495891,942123511,25158017616759585783191
0x9c3ade0b6810b3319d378d3bbc73a804d5b7e064,0xd215189079e29785920cdbd78e9dbf123c49eaa7a93fc9733a80ebdfe3c4f723,2025-06-01,2025-06-01 05:00:11.000 UTC,114,30982332,0x46A15B0b27311cedF172AB29E4f4766fbE7F4364,391965,1208428838478303,46700793097493537950,6695040
0x80c30c49828b8610241e0e941376394aaf7cb5ee,0x1f249f0a0ddb7c6c5c9a7a1b47b369568c6b1faf05920a29dfaabd6568b91131,2025-01-24,2025-01-24 05:22:13.000 UTC,302,25453393,0x03a520b32C04BF3bEEf7BEb72E919cf822Ed34f1,1894299,10794300878524202273889,0,224354704239386573348320
0x9c3ade0b6810b3319d378d3bbc73a804d5b7e064,0x1ab6cc680dbcbdefff139cf6ea4b196e928ccfaf74106856ed1858c25afc16ce,2025-01-17,2025-01-17 21:25:59.000 UTC,239,25179906,0x827922686190790b37229fd06084350E74485b72,5692139,39547198030986401002880,250578585103104070203,29070227722160705733688
0xd38f4e03cb01685fcfc811f28b90bdcd222120ff,0x2f406428d8f167aab6f9f312ce496d50a92a5e5e465e288a5a7e1cf84cae1477,2025-05-11,2025-05-11 05:12:35.000 UTC,98,30075504,0x03a520b32C04BF3bEEf7BEb72E919cf822Ed34f1,2993493,20732515805548457907,42530265729617187573,0
0x2173fe72e185696b1ef348e7289594b3a7f4ad2c,0xce9cd0e97409d0ee41d1a9ebc95c621f557ad4f60a3ea48cb9da62beefe82e5e,2025-06-01,2025-06-01 04:14:17.000 UTC,39,30980955,0x827922686190790b37229fd06084350E74485b72,14338293,279037264444863771,0,975344428960672144323024
0xe08c38abbdc260b14870ed4e40b6360e739adfb6,0x44c564c250cc6eb1e2e02af356343f5c1132004068ab03a84c56d34198a62bed,2024-12-07,2024-12-07 16:40:37.000 UTC,228,23400145,0x827922686190790b37229fd06084350E74485b72,3614301,1130513647708829596,11915453936,0
0x9c3ade0b6810b3319d378d3bbc73a804d5b7e064,0xd29d7536336efcafd1366a6507a43900bab3e8bf8746b250e201e122b621f014,2025-01-15,2025-01-15 23:10:45.000 UTC,217,25096649,0x827922686190790b37229fd06084350E74485b72,5626332,8109743526598799764865,265798737279145463,23501573811025599293318
0xf92e2e0c8a841ac26b7cbdefc27732a4f07c6105,0xcd4de8d7e785c82598a3c89350fb9c9bd4d89b79400232af9c466084aab665b9,2025-05-17,2025-05-17 05:58:21.000 UTC,175,30336077,0x827922686190790b37229fd06084350E74485b72,13629451,112432962485618091,0,58285933333091128384648
0x9c3ade0b6810b3319d378d3bbc73a804d5b7e064,0x9928884854392ea3b53f9814e6b9e4a596fdf95dd47324ef9f32ee5e03fbf2cb,2025-05-17,2025-05-17 06:29:27.000 UTC,105,30337010,0x827922686190790b37229fd06084350E74485b72,13459466,43826353635519377099741,0,166094026108019117916209
0xe7d1fcd08e4b9ade4f885fd945d1019f3170c346,0x6006d732bed2374a593f472e475047c8e7ad4e4fbc12dcd999ffb8d46ec1b292,2024-12-15,2024-12-15 03:55:47.000 UTC,283,23722800,0x827922686190790b37229fd06084350E74485b72,4029413,50637813773715166,874406753,62092303452726260451753
0xe08c38abbdc260b14870ed4e40b6360e739adfb6,0xe6b742862a119d0aa0167b72371f97302f2047dab6fc4d377467ae13f3202ba7,2025-01-07,2025-01-07 02:15:31.000 UTC,301,24713392,0x827922686190790b37229fd06084350E74485b72,5174934,2609501647924655776644,49406490285360700,9494066024179503759553
0xe08c38abbdc260b14870ed4e40b6360e739adfb6,0x0d520ab75565927d72b02895f6468cb1331d2478870354e24eefdebf8aeb14c7,2024-12-07,2024-12-07 23:52:07.000 UTC,493,23413090,0x827922686190790b37229fd06084350E74485b72,3635474,487164609480246371,4478204690,462404642341719679269485
0x80c30c49828b8610241e0e941376394aaf7cb5ee,0x75bc039b2071f1eda0191ee1fcb12d9eff1eaa9f37bedc8b21222bd3ea0b4e2f,2025-01-19,2025-01-19 22:55:41.000 UTC,333,25268997,0x827922686190790b37229fd06084350E74485b72,5807674,3751091692679234599408,138167834017235697,90606017416641969436353
0x5bd24c33e56aadfdb0aa7e0be49e1e2512af96be,0x725fa30e3a5b9c0391afddf0604bac61d12dfc7f6be02c7e855b784b03b76e15,2025-01-02,2025-01-02 05:51:09.000 UTC,304,24503861,0x827922686190790b37229fd06084350E74485b72,4961218,2836862014741807905462,386916068751608122,0
0x7f581540938546a343d76a7f40171490de6b7b19,0x18266600911b12827aa91b0f14aef838a48396b662cc8a9744e6b86d3f81d68e,2025-07-18,2025-07-18 04:19:43.000 UTC,107,33011518,0x03a520b32C04BF3bEEf7BEb72E919cf822Ed34f1,3528766,115472641403402830114,63228209096434580,299330905250397161334
0x1f4d710f4ba62bd2fd17b1ef042a149dea3d3f82,0x2c0c784b4f4234de361fa2e30d89a5f7055b71e38c02ae370146fc327a979366,2025-05-23,2025-05-23 19:44:25.000 UTC,149,30620059,0x827922686190790b37229fd06084350E74485b72,10478425,24321692538231747,22746385,180530775149204273888401
0xe7d1fcd08e4b9ade4f885fd945d1019f3170c346,0xcfdc25c7c7d91ce9552d65265c5812862b478de485c192a70a39f9c5ede80dc1,2025-06-02,2025-06-02 06:12:43.000 UTC,174,31027708,0x827922686190790b37229fd06084350E74485b72,15388201,30295489699,1512844,0
0x9c3ade0b6810b3319d378d3bbc73a804d5b7e064,0x6d46316b37fd247417f25972ca5649cb2af0cde0744d3a5294dbfa9dd0681388,2025-07-09,2025-07-09 06:04:27.000 UTC,790,32625860,0x827922686190790b37229fd06084350E74485b72,18646747,10901578419,362180,182743
0xe08c38abbdc260b14870ed4e40b6360e739adfb6,0x9dc38beb4ae357036190b2a6c10a9c225864228d3d805ea0fb97c0ad156b6194,2024-12-07,2024-12-07 18:08:17.000 UTC,234,23402775,0x827922686190790b37229fd06084350E74485b72,3614708,401529299689909648,4651999249,385817508032689627095622
0xe7d1fcd08e4b9ade4f885fd945d1019f3170c346,0x40af9acee2bd553d533b9fec330fba5a0301d5f9a094f4eb21cafbee94bb3ef7,2024-12-09,2024-12-09 22:42:21.000 UTC,170,23497397,0x827922686190790b37229fd06084350E74485b72,3683892,729240497043842280,0,91550058100548101228464
0xd38f4e03cb01685fcfc811f28b90bdcd222120ff,0x62ae02b6137881db6f06883885046ab419b29096650e71a55e961faf3f5bcc39,2025-05-21,2025-05-21 06:38:17.000 UTC,221,30510075,0x03a520b32C04BF3bEEf7BEb72E919cf822Ed34f1,3069189,177056093864859189527,147392440654100337,126098382845291880284
0x2173fe72e185696b1ef348e7289594b3a7f4ad2c,0x65e48b056ab9f8b2c38582e43d5108a58c44b03998a0f1d22332e730b2c8697d,2025-05-15,2025-05-15 04:11:21.000 UTC,306,30246467,0x827922686190790b37229fd06084350E74485b72,13625343,1090982988558535888,0,565572233736999969666494
0xe7d1fcd08e4b9ade4f885fd945d1019f3170c346,0x08318750795eeb6e34aa4c739d38fe07e8dbebac71794bb909faa8f37db3a0df,2025-01-14,2025-01-14 21:01:13.000 UTC,136,25049563,0x827922686190790b37229fd06084350E74485b72,5566863,984683048180860867935767,1769587211251604728381,7817455264310180847999
0xe7d1fcd08e4b9ade4f885fd945d1019f3170c346,0x826ba5624cebc83d5d43d06c06dbaec760cb0204ef1acf50c347cb5d7dcb8b7f,2024-12-08,2024-12-08 20:56:19.000 UTC,191,23451016,0x827922686190790b37229fd06084350E74485b72,3681542,1403856976674375369,5667656042,119498680501630505526228
0x9c3ade0b6810b3319d378d3bbc73a804d5b7e064,0xa3f2cc02906530178a7283b5a296733958a1446ca4751136dfdb7b0db5072027,2025-01-17,2025-01-17 21:23:05.000 UTC,416,25179819,0x827922686190790b37229fd06084350E74485b72,5720106,367201654022190860294,284202365717515523386,176508067110020134
0x2173fe72e185696b1ef348e7289594b3a7f4ad2c,0x38df82f7b6a10d7f81b362f6a61b60a488e9e63548216dcb27d0d013f827b8aa,2025-05-19,2025-05-19 04:55:15.000 UTC,48,30420584,0x03a520b32C04BF3bEEf7BEb72E919cf822Ed34f1,3036078,261756002198257464718,10652314523060351,5424059924994302509415
0xf92e2e0c8a841ac26b7cbdefc27732a4f07c6105,0xba79a52c4daeeb500869fd79f5c169c15580c400b1acfee4ef9646067ead282a,2025-05-19,2025-05-19 05:20:47.000 UTC,69,30421350,0x03a520b32C04BF3bEEf7BEb72E919cf822Ed34f1,3032543,516100249782609983003,29341143497667410,7765496418047003548473
0xe7d1fcd08e4b9ade4f885fd945d1019f3170c346,0x9de28b726a4630667a795f26327917cb252af81910f489649881caf780788967,2024-12-09,2024-12-09 22:44:37.000 UTC,586,23497465,0x827922686190790b37229fd06084350E74485b72,3655610,525321295758755848,0,299908122207959083361266
0xe7d1fcd08e4b9ade4f885fd945d1019f3170c346,0xdd276840df7e41c8705f07b167c3cf52b7d18d5e3b6856dfe2faddd0b324bc9d,2025-02-18,2025-02-18 05:26:03.000 UTC,261,26533508,0x827922686190790b37229fd06084350E74485b72,7392916,6596448143925803675393,470954463227256018,80161499959466458420447
0xe7d1fcd08e4b9ade4f885fd945d1019f3170c346,0x1ea87ec6bfa681e8174f60cf0452545fd33832807c3c80db47cad667dcd8bd03,2025-01-14,2025-01-14 21:06:11.000 UTC,251,25049712,0x827922686190790b37229fd06084350E74485b72,5567489,470026517307437834889094,1517143027371978654565,11099773316595834299895
0x80c30c49828b8610241e0e941376394aaf7cb5ee,0xa4de320294dd9bcd4fe3ec4273585ec0f7f62d353570346bb30cb6cca5afdf45,2025-01-24,2025-01-24 05:29:41.000 UTC,287,25453617,0x827922686190790b37229fd06084350E74485b72,6085254,4492519045220032465907,206307894448524259,106837569517509678451948
0xd38f4e03cb01685fcfc811f28b90bdcd222120ff,0xeed36bdb565a7972ac17935b998405a2007aadebfdfaebc37f8e5b19ee1d162e,2025-05-11,2025-05-11 05:11:39.000 UTC,104,30075476,0x827922686190790b37229fd06084350E74485b72,13088794,20594959917200636267,0,50438902208902302637
0x5bd24c33e56aadfdb0aa7e0be49e1e2512af96be,0xe170e56cca593103b82df18246f54704fce4acf40a41d5f31cb1970400969116,2024-12-03,2024-12-03 18:58:21.000 UTC,437,23231477,0x827922686190790b37229fd06084350E74485b72,3398882,6205944315475001743,14003714440,0
0xd38f4e03cb01685fcfc811f28b90bdcd222120ff,0x62e541976a32169600786c5406ffda7b101547b022b69381271cc9508b01dba9,2025-03-09,2025-03-09 06:12:27.000 UTC,252,27355700,0x827922686190790b37229fd06084350E74485b72,8712889,90953272284766553301,27239416162617597,62802242304189151726
0xd38f4e03cb01685fcfc811f28b90bdcd222120ff,0xf0bb1bf5849dd867af38c6d70d94ac687a1b3396140603bd2b467a7a758b0181,2025-05-19,2025-05-19 04:39:13.000 UTC,281,30420103,0x03a520b32C04BF3bEEf7BEb72E919cf822Ed34f1,3048196,98405155530936969294,191266786792544406,92150771147677716568
0x9c3ade0b6810b3319d378d3bbc73a804d5b7e064,0x50505fcb8e3f399a774601d27f7fd971dff441d9a04f951ed7921a2696ad6a82,2025-01-24,2025-01-24 05:15:19.000 UTC,234,25453186,0x827922686190790b37229fd06084350E74485b72,5692139,258682646646399583278023,0,227626481692555220066770
0xe08c38abbdc260b14870ed4e40b6360e739adfb6,0x1e553fd4b18ff50d672d61c0aaeed8cc71f91c4fab21f8f360e01c95c20fdeb0,2024-12-12,2024-12-12 02:39:47.000 UTC,181,23590920,0x827922686190790b37229fd06084350E74485b72,3871616,673883048531302077626,558787729282705339988,316537121528732881
0x9c3ade0b6810b3319d378d3bbc73a804d5b7e064,0x4e54a1639a81b8b1b41317925e7a80be460c33d6b992b68eceb44f8cf3352a3d,2025-06-17,2025-06-17 05:07:57.000 UTC,419,31673765,0x827922686190790b37229fd06084350E74485b72,14549276,39750060916844193253412,0,165621111029800033184738
0xde77e4972672f995d19e275d7652c274778d4cbb,0xf0f59095e24a3a37a9de24395f1a00df3f35048888707538efecd07bf30b3d47,2025-10-08,2025-10-08 23:23:29.000 UTC,120,36588231,0x827922686190790b37229fd06084350E74485b72,28175154,733933788057741016,471640056,211387767362309032217086
0xe08c38abbdc260b14870ed4e40b6360e739adfb6,0x65e7c1d866f99992bbe170dd9de695ce6930332f8cad3d499c2b2e05445c7af3,2024-12-10,2024-12-10 15:46:31.000 UTC,272,23528122,0x827922686190790b37229fd06084350E74485b72,3787381,11470644944636533516269,10778380613547875298853,0
0xe7d1fcd08e4b9ade4f885fd945d1019f3170c346,0x5e2312fcd0d2cceeaa15c8e4392c4b783644a97bfa85cfd4e030f13e51ea692d,2024-12-15,2024-12-15 03:41:41.000 UTC,282,23722377,0x827922686190790b37229fd06084350E74485b72,3923021,369742498185610811,5251574420,202618109054713816202913
0x2173fe72e185696b1ef348e7289594b3a7f4ad2c,0xea347c9dab7ba61c493e9885469a26a6d427de81f207b3cccd09b0b45684f7b5,2025-05-19,2025-05-19 05:02:11.000 UTC,77,30420792,0x03a520b32C04BF3bEEf7BEb72E919cf822Ed34f1,3057251,19946511500503092795735,477708921504690107,300070223928899023384902
0x1f4d710f4ba62bd2fd17b1ef042a149dea3d3f82,0xa2bcd6376f33b6dcd9c4872cfa7d61cf503024c85091566f0c82ab66d20f0b80,2025-01-20,2025-01-20 05:45:55.000 UTC,258,25281304,0x827922686190790b37229fd06084350E74485b72,5804072,8413959792920963643404,514706481520025446,30433768409225915320620
0x1f4d710f4ba62bd2fd17b1ef042a149dea3d3f82,0x9838c40e8fd69e2c20b902f72257b259f78c4b4121bd57dfe14022b0e4ceeb69,2024-12-08,2024-12-08 19:46:23.000 UTC,386,23448918,0x827922686190790b37229fd06084350E74485b72,3657712,754515607898614404,10797821731,343635086255189814303994
0xe7d1fcd08e4b9ade4f885fd945d1019f3170c346,0x7d90abe77075a9c1996f5980f107697d7aaba2b5e86fb048e6710e256de065c6,2024-12-12,2024-12-12 23:54:35.000 UTC,231,23629164,0x827922686190790b37229fd06084350E74485b72,3872496,970649623311718106,5942736584,0
0x1f4d710f4ba62bd2fd17b1ef042a149dea3d3f82,0xcc105c68ae53979aa183d5f714676404919f7186873714182275372dfa506494,2025-01-17,2025-01-17 21:45:43.000 UTC,413,25180498,0x827922686190790b37229fd06084350E74485b72,5723350,336751978524861492,745782961,14894742947539302422480
0x80c30c49828b8610241e0e941376394aaf7cb5ee,0x398c92784ed38e26b33b9516b3b9ea57ba8e6641cbc2623327bca667fb54c9eb,2025-05-13,2025-05-13 05:57:13.000 UTC,96,30163243,0x827922686190790b37229fd06084350E74485b72,13551962,27525995549396426,74417228,17539556322071713605969
0xd38f4e03cb01685fcfc811f28b90bdcd222120ff,0x9071a1d8f327c369aebaecb8968777a4fda08e3463b745c27990fc8fb580fd46,2025-03-09,2025-03-09 06:14:29.000 UTC,175,27355761,0x827922686190790b37229fd06084350E74485b72,8714004,27738555199552025707,33849037110373644,53733514935835984084
0xe08c38abbdc260b14870ed4e40b6360e739adfb6,0x5fa45e635d338af459cee49badc944b48d22b37bc93aef605a13f8adc9b9ffbd,2024-12-12,2024-12-12 01:42:39.000 UTC,174,23589206,0x827922686190790b37229fd06084350E74485b72,3870678,6449740892639972738132,5511214334118386534154,1546197384090349477
0x1f4d710f4ba62bd2fd17b1ef042a149dea3d3f82,0x87af9cb41a6427126bb50eb7749fdc53e5598a8f38c0c1e7115f165ce51d6f98,2024-12-07,2024-12-07 05:43:45.000 UTC,212,23380439,0x827922686190790b37229fd06084350E74485b72,3609931,24475657418974368,68256451,48987685859496086328210
0x1f4d710f4ba62bd2fd17b1ef042a149dea3d3f82,0x41c4ae8cb112582464006e4a1fbb7dc2bdb78f5d70dd77fcf7a5618c1be0e5cb,2024-12-17,2024-12-17 02:10:55.000 UTC,246,23806054,0x827922686190790b37229fd06084350E74485b72,4120807,2997346558418528567789,2215527646803128863434,0
0x5bd24c33e56aadfdb0aa7e0be49e1e2512af96be,0x8c1960e821b17b708b7cf3f52e021281ff8fd9a164f478c2c2b6786b1052e4a1,2025-05-13,2025-05-13 05:37:41.000 UTC,144,30162657,0x827922686190790b37229fd06084350E74485b72,13550813,1016403980563815,2385511365288572,269583
0x5bd24c33e56aadfdb0aa7e0be49e1e2512af96be,0x2a3fce00bce6719acdbce989c6046afc915ed2b1d370eeb99649505269a2cfc6,2025-01-10,2025-01-10 07:06:19.000 UTC,207,24851716,0x827922686190790b37229fd06084350E74485b72,5334390,942727046551037139651,135013575627585894459,162037993897493411
0x1f4d710f4ba62bd2fd17b1ef042a149dea3d3f82,0x71479ba7a9689ea45806ae615856d994facd76200d93b2b8d5796174df7d227a,2024-12-10,2024-12-10 03:12:35.000 UTC,282,23505504,0x827922686190790b37229fd06084350E74485b72,3682187,795849186069188878,0,100916307166849192526188
0xf92e2e0c8a841ac26b7cbdefc27732a4f07c6105,0xb98fcb0dbd54a800a3e713867359e53277803d77cf631f6011015902e9f831c5,2025-07-01,2025-07-01 22:37:57.000 UTC,463,32310065,0x827922686190790b37229fd06084350E74485b72,16760242,78981057848470481,0,54718243833074331250607
0x5bd24c33e56aadfdb0aa7e0be49e1e2512af96be,0x41152c4a51f1de80dba6854bda505fb6b33399b9e8b03d0fb105c030ac0df342,2025-07-18,2025-07-18 02:18:23.000 UTC,200,33007878,0x827922686190790b37229fd06084350E74485b72,19669358,58758924468,2485692,450815
0x80c30c49828b8610241e0e941376394aaf7cb5ee,0xa165294fb6b1575501a8c74525fad4a3d2c8f3f1c7204f87bcab4ab8a085badb,2025-05-13,2025-05-13 05:55:03.000 UTC,178,30163178,0x827922686190790b37229fd06084350E74485b72,13382846,27963827813956290,25555411,23530364379403226536230
0x80c30c49828b8610241e0e941376394aaf7cb5ee,0x038e2b7d31b25b95e3688e2c6a413010ee434333832863c954f549740f48f849,2025-01-19,2025-01-19 23:05:43.000 UTC,271,25269298,0x03a520b32C04BF3bEEf7BEb72E919cf822Ed34f1,1856673,3058164380452198670904,145458365888242401,79424407009490127263794
0x2173fe72e185696b1ef348e7289594b3a7f4ad2c,0x77808d626ec34016031cd2d848159d052b72c2599fb8e24e981eb9e06e1361bb,2025-05-21,2025-05-21 18:18:03.000 UTC,175,30531068,0x827922686190790b37229fd06084350E74485b72,14191433,634629548838340669,0,974719617653850769484712
0x5bd24c33e56aadfdb0aa7e0be49e1e2512af96be,0xa29368c81bd0a144e2f845308b95d1d0dd8dc6d4aaad7d78579cf4ab959c226d,2024-12-02,2024-12-02 21:25:09.000 UTC,365,23192681,0x827922686190790b37229fd06084350E74485b72,3360174,350418376410552430,0,149999999999999999823547
0xe7d1fcd08e4b9ade4f885fd945d1019f3170c346,0x1018ae8473cd60f6cd836a6dd8195be8d1ff577022ff57686b6145fe96fb016b,2025-03-05,2025-03-05 06:46:21.000 UTC,374,27183917,0x827922686190790b37229fd06084350E74485b72,8393056,18372045295454412317141,331683522700329558,95772943953026878806842
0xf92e2e0c8a841ac26b7cbdefc27732a4f07c6105,0xaf10719f23ff0df694f5c0478da76202177a86aee624d925ef0865de1ca5fcb9,2025-05-19,2025-05-19 05:18:03.000 UTC,144,30421268,0x827922686190790b37229fd06084350E74485b72,13915052,98310582709860154,0,58039789868898037178753
0xe08c38abbdc260b14870ed4e40b6360e739adfb6,0x46fa7acf934e26424c117721f998813aa022714922c3bf7545864c6c2855dd3d,2025-01-01,2025-01-01 08:22:37.000 UTC,103,24465205,0x827922686190790b37229fd06084350E74485b72,4028247,224145162490238404,0,151604193748455128634173
0xe7d1fcd08e4b9ade4f885fd945d1019f3170c346,0x888a2d8799ddb0a34ab85ea625e8316436597a9ed5113a9a1f4a9d14bd24ea5c,2025-06-17,2025-06-17 05:00:55.000 UTC,239,31673554,0x827922686190790b37229fd06084350E74485b72,15388397,120356003,6010,0
0xe7d1fcd08e4b9ade4f885fd945d1019f3170c346,0x46072fba8004545e17393f8b07dda847d2b027058858d126eac4a48089e9e6c4,2025-07-18,2025-07-18 02:21:53.000 UTC,162,33007983,0x46A15B0b27311cedF172AB29E4f4766fbE7F4364,446864,28477356103,1155977,267207
0x9c3ade0b6810b3319d378d3bbc73a804d5b7e064,0xbcae4a1909c3e96e3968b9a5ef0b8fde61f7f1e161b808e1dc4087bdd7d84786,2025-03-05,2025-03-05 23:38:35.000 UTC,284,27214284,0x827922686190790b37229fd06084350E74485b72,6728941,183133045295646744739337,0,226399231706299386858230
0xe08c38abbdc260b14870ed4e40b6360e739adfb6,0xb1a567c6402e2c726bb644c13118debd1707838fb3cb823c6de2561df52371f7,2024-12-06,2024-12-06 23:06:09.000 UTC,248,23368511,0x827922686190790b37229fd06084350E74485b72,3558504,309608346536120176,5699632452,405106343397486086161760
0xf92e2e0c8a841ac26b7cbdefc27732a4f07c6105,0x7afbf687e083da0ea026fde7798aa21672879d77de47a598262221e5386a7fff,2025-05-14,2025-05-14 04:03:01.000 UTC,31,30203017,0x03a520b32C04BF3bEEf7BEb72E919cf822Ed34f1,3022979,53975220315086436750,5097715257684106,214760025004658194232
0x9c3ade0b6810b3319d378d3bbc73a804d5b7e064,0xe947dbd79f7b8cc5a244e6e9478c0d54fe0fe108dd5c6860b9bcacfcc34e9c0e,2025-01-17,2025-01-17 00:01:35.000 UTC,264,25141374,0x827922686190790b37229fd06084350E74485b72,5629948,295702794860756975200269,0,249999999999999999999999
0x80c30c49828b8610241e0e941376394aaf7cb5ee,0xd5c58d78f23cf3b6908d646b6e2cf1a091b493bfb30733295e7bfaf32e043603,2025-05-11,2025-05-11 04:40:21.000 UTC,132,30074537,0x827922686190790b37229fd06084350E74485b72,13282613,29161644816166799,224748606,1760775452951956491452
0x5bd24c33e56aadfdb0aa7e0be49e1e2512af96be,0xfc9ffa4a7019ceeb19479bb2930889f2c7b8a04e8b872bd4d3ce4e2c8e98dcbc,2025-01-02,2025-01-02 06:38:15.000 UTC,492,24505274,0x827922686190790b37229fd06084350E74485b72,4962454,2726938100436844204414,371923683304712803,0
0xe08c38abbdc260b14870ed4e40b6360e739adfb6,0xcf3108d94965dc9002f180d6edf6e4a77722a31734005bf89249b57810320083,2024-12-12,2024-12-12 01:40:59.000 UTC,229,23589156,0x827922686190790b37229fd06084350E74485b72,3870399,6938376590350228417695,0,4542347475102029468
0x2173fe72e185696b1ef348e7289594b3a7f4ad2c,0x06e6ac50dd5a3f63c894d652a4286983d532a095335fbb68a1b7ff6fb06d295e,2025-05-19,2025-05-19 04:57:11.000 UTC,158,30420642,0x03a520b32C04BF3bEEf7BEb72E919cf822Ed34f1,3036078,8040271867523141791285,325524369065760016,167199677096916650896467
0x80c30c49828b8610241e0e941376394aaf7cb5ee,0x63d7c924c790d8ac9f0c946184bbd3bf206a2137761adbc7238cd086e3e370de,2025-05-14,2025-05-14 00:02:55.000 UTC,217,30195814,0x827922686190790b37229fd06084350E74485b72,13552527,5515275018070358,25302910,0
0x2173fe72e185696b1ef348e7289594b3a7f4ad2c,0x0521b22c32716ca844fa93776ffda69f50e87dd221361afbdac32db402e07039,2025-05-20,2025-05-20 05:22:01.000 UTC,191,30464587,0x03a520b32C04BF3bEEf7BEb72E919cf822Ed34f1,3057266,39349609615728033056274,0,919020484000381725333979
0xe7d1fcd08e4b9ade4f885fd945d1019f3170c346,0x43266f18055ffd4d36d7dcf61ed3ee8473a77466a8090b08b9a9f00c07dc81f2,2024-12-09,2024-12-09 22:41:17.000 UTC,263,23497365,0x827922686190790b37229fd06084350E74485b72,3698377,632308000630532717,0,62899924350953053739778
0x1f4d710f4ba62bd2fd17b1ef042a149dea3d3f82,0x6bd222e49a3f4e1c172e99c9d081e6a82a94bb70e691ec98051e678fd93468f9,2025-03-09,2025-03-09 21:46:49.000 UTC,392,27383731,0x827922686190790b37229fd06084350E74485b72,8718825,128973334525375111346,118955044607702871,119350598778710120824
0x5bd24c33e56aadfdb0aa7e0be49e1e2512af96be,0x1021b4abe0b6cc40814ad8c76d884f57d84a5f54a91389184231fb4649b95ecc,2025-05-14,2025-05-14 02:34:41.000 UTC,86,30200367,0x827922686190790b37229fd06084350E74485b72,13593380,10339812593,0,517443
0xd38f4e03cb01685fcfc811f28b90bdcd222120ff,0xe6ad7dd049e0ea667f6204df623b07b67392ef4ed0e4ae92c43f730ce84a5481,2025-07-18,2025-07-18 00:42:47.000 UTC,127,33005010,0x827922686190790b37229fd06084350E74485b72,19320307,150770410674299420938,0,265525218093938432211
0x5bd24c33e56aadfdb0aa7e0be49e1e2512af96be,0x71990ebcd0e78c1df1c0aa8b9d40c451dc48c7b977b01e59f85091412b6b7a13,2024-12-10,2024-12-10 06:38:11.000 UTC,432,23511672,0x827922686190790b37229fd06084350E74485b72,3767043,7060400314295762,345565595097945788,3011970030
0xd38f4e03cb01685fcfc811f28b90bdcd222120ff,0xff2597783587efc22840698f3fab18455de3dcdef3c2e0d335bc242d39e21fe1,2025-05-14,2025-05-14 03:41:35.000 UTC,243,30202374,0x03a520b32C04BF3bEEf7BEb72E919cf822Ed34f1,3024667,6590170564343972356398,18039721349765898,169626741017630373000429
0xd38f4e03cb01685fcfc811f28b90bdcd222120ff,0x126521a8fe8369b885b8136f7caee07a4841db4ba332763086e587d908e45290,2025-03-09,2025-03-09 06:13:23.000 UTC,444,27355728,0x03a520b32C04BF3bEEf7BEb72E919cf822Ed34f1,2263394,81733299703106825627,118092291688906809162,34362839111240265
0x5bd24c33e56aadfdb0aa7e0be49e1e2512af96be,0xcba94ad8ea3e046285cee89a62e248774580d0b7c29a974566562399ca9aecfe,2024-12-11,2024-12-11 23:00:43.000 UTC,184,23584348,0x827922686190790b37229fd06084350E74485b72,3862779,3461388271014467882246,0,1533509916109970219
0xe7d1fcd08e4b9ade4f885fd945d1019f3170c346,0x1f5ead521fc16301deecfcbc303e15d2c4519cc98e780329c67e8132d49e086d,2025-01-10,2025-01-10 07:44:49.000 UTC,214,24852871,0x827922686190790b37229fd06084350E74485b72,5330760,1189181391000832641,3052317521,503951416798252928411
0xd38f4e03cb01685fcfc811f28b90bdcd222120ff,0xfa5045ad7247283e4ea3b71c4c8b3fd7f217b3ad7a63c1310251094661b91701,2025-05-11,2025-05-11 05:13:17.000 UTC,326,30075525,0x827922686190790b37229fd06084350E74485b72,13019861,73193160459322,0,18302
0x9c3ade0b6810b3319d378d3bbc73a804d5b7e064,0x40ecc7de9a6509e58f84bd0b706f24eef2f9fa4b936090e15adde9bebbb9894f,2025-05-12,2025-05-12 04:29:35.000 UTC,175,30117414,0x827922686190790b37229fd06084350E74485b72,13367736,44727363123789072647420,0,166152359778960742740520
0xd38f4e03cb01685fcfc811f28b90bdcd222120ff,0x749d773da52728e4b77cb1f94a0d3371c14122b5f5a6efdb41f453e30160e5b6,2025-03-09,2025-03-09 05:17:09.000 UTC,228,27354041,0x03a520b32C04BF3bEEf7BEb72E919cf822Ed34f1,2233060,5355084147153970748683,0,205425928688615581922428
0x1f4d710f4ba62bd2fd17b1ef042a149dea3d3f82,0x946ec3278797a2005b6e66fe0a2e7696b4a685e5cbfdb0bd38fcbca73961011e,2025-07-16,2025-07-16 04:13:33.000 UTC,146,32924933,0x827922686190790b37229fd06084350E74485b72,18898065,23001778898164063,184710111,118457263185422415681446
0x1f4d710f4ba62bd2fd17b1ef042a149dea3d3f82,0x9f93ce0f5cd901ef13a1c13ba690e79f2f47a7adbe06f7272fe96848d698519e,2025-01-10,2025-01-10 07:30:29.000 UTC,310,24852441,0x827922686190790b37229fd06084350E74485b72,5334370,1707058432060686211499,0,533916496337714470
0x9c3ade0b6810b3319d378d3bbc73a804d5b7e064,0xffaf63953ff6896038dbf70fcf7859f915de611c42b5ca30156a57e4168fdb86,2024-12-29,2024-12-29 07:46:31.000 UTC,249,24334522,0x827922686190790b37229fd06084350E74485b72,4772395,339449251999090331,1567994860,49996099549525161874187
0x2173fe72e185696b1ef348e7289594b3a7f4ad2c,0x0f7b83e1ff385ae53cf618a2bc6945ccdb51ee47ab6d402a95dec3e8c774ab59,2025-05-19,2025-05-19 04:49:19.000 UTC,110,30420406,0x827922686190790b37229fd06084350E74485b72,13914016,296755373558027311,0,561596322295516679785684
0x9c3ade0b6810b3319d378d3bbc73a804d5b7e064,0xb6d564888548b32efdf62d69c1f740d4fbde5302f17697d0ef2f1b5c71265175,2024-12-13,2024-12-13 01:52:03.000 UTC,319,23632688,0x827922686190790b37229fd06084350E74485b72,3878338,420949077080886777,4654869535,214174166896925177309109
0xe7d1fcd08e4b9ade4f885fd945d1019f3170c346,0x0770acd7e09a66eba22e1547122f5e194278c241d2ec58149d0924e2b10b16f9,2025-01-22,2025-01-22 04:24:03.000 UTC,180,25365248,0x827922686190790b37229fd06084350E74485b72,5965593,37960481628394561853368,1363464555527676362,104335518263979676747950
0xe08c38abbdc260b14870ed4e40b6360e739adfb6,0xb1486b94e5b6912e5b71efc37f31896bb19fcb449bd27f38f791d677114395b3,2025-01-13,2025-01-13 07:10:23.000 UTC,256,24981438,0x827922686190790b37229fd06084350E74485b72,5483281,2314905783469234483598,600112962227328750151,818318781903610867
0xf92e2e0c8a841ac26b7cbdefc27732a4f07c6105,0xe2f7f76fe1168cfc051502bdac9e5c546fbbf512ca5eaa29f8b3eb75eb84790a,2025-05-19,2025-05-19 05:20:07.000 UTC,82,30421330,0x03a520b32C04BF3bEEf7BEb72E919cf822Ed34f1,3032543,9805904745869589677055,557481726455680800,147544431942893067420970
0x9c3ade0b6810b3319d378d3bbc73a804d5b7e064,0x97fd611b72b76f7b4ce9bac0833b5f2e1626763b4d70875dcfbd0f8bd76dd239,2025-01-17,2025-01-17 00:07:07.000 UTC,346,25141540,0x827922686190790b37229fd06084350E74485b72,5632246,105031595465908246,1117376998,23281970031867446277986
0xe7d1fcd08e4b9ade4f885fd945d1019f3170c346,0xd6925c467ebaab4bd3c12c0bc5c5e4fb945d2dfb672543f9574b306ad2db9494,2025-06-01,2025-06-01 05:11:39.000 UTC,40,30982676,0x827922686190790b37229fd06084350E74485b72,15295743,3967276414,127201,71072
0x9c3ade0b6810b3319d378d3bbc73a804d5b7e064,0x68259a2064acbd3a23252337d0a1055e3d8105300120c0e4150559af71ee72ce,2025-05-11,2025-05-11 04:07:47.000 UTC,94,30073560,0x827922686190790b37229fd06084350E74485b72,8508431,110445650097213876320569,0,166046102201418568609867
0x5bd24c33e56aadfdb0aa7e0be49e1e2512af96be,0x31ceec2acd23f131ab262019429089f13207f0e11807b1b041ede30a1cc3393b,2024-12-08,2024-12-08 02:27:07.000 UTC,252,23417740,0x827922686190790b37229fd06084350E74485b72,3633533,679831710236985056,11187538847,0
0x9c3ade0b6810b3319d378d3bbc73a804d5b7e064,0xa5671b3866690a97adbee5a6a0837c0303890a10c986674ff0d6b52276c5b954,2024-12-14,2024-12-14 06:35:11.000 UTC,261,23684382,0x827922686190790b37229fd06084350E74485b72,3973703,398538284466445058056,927211955502749664377,1232149611634966
0x9c3ade0b6810b3319d378d3bbc73a804d5b7e064,0x7f884b59f1db7c0e9fa4199ec832cf034d9025e79115afd517d578bfb56abda8,2025-01-15,2025-01-15 22:14:47.000 UTC,235,25094970,0x827922686190790b37229fd06084350E74485b72,5497922,268747306619933883,2537516637,0
0x80c30c49828b8610241e0e941376394aaf7cb5ee,0x86213afb35c3b0b14456677f22b8ca6fbda419da7e689c6a7b1929e4d90e0e03,2025-02-05,2025-02-05 04:45:57.000 UTC,104,25970705,0x03a520b32C04BF3bEEf7BEb72E919cf822Ed34f1,1920461,9914243069047469933603,0,221003584176622692894732
0x1f4d710f4ba62bd2fd17b1ef042a149dea3d3f82,0x2036c660be79dffa496fcea5a85893acb5ff640482e4e38d8767fb163dde4aeb,2025-03-20,2025-03-20 06:46:05.000 UTC,166,27831909,0x827922686190790b37229fd06084350E74485b72,9426476,329051391995521396,165509386,150649788658719188023176
0xe7d1fcd08e4b9ade4f885fd945d1019f3170c346,0x4bd3401d04bba21a07a9734b1f0bb49fb5784099b0b31793936971ad92a3225a,2025-01-13,2025-01-13 06:45:51.000 UTC,237,24980702,0x827922686190790b37229fd06084350E74485b72,5477837,441143092045181919265,310174476955925374714,0
0x1f4d710f4ba62bd2fd17b1ef042a149dea3d3f82,0x5281b5f1e047440aa81cc1059fabfa0a2105af4c3426d564d4cf6ebfc2e33b67,2025-06-17,2025-06-17 04:51:43.000 UTC,802,31673278,0x03a520b32C04BF3bEEf7BEb72E919cf822Ed34f1,3226530,34018701278906650599,0,114095012992201907239
0xe7d1fcd08e4b9ade4f885fd945d1019f3170c346,0x9a4562b5c18b83babd22800ad1ac654ce683a1c6c609fc0cea304d56b51c4a21,2025-07-18,2025-07-18 02:22:39.000 UTC,349,33008006,0x827922686190790b37229fd06084350E74485b72,19671361,39402374526,1664909,304247
0xe7d1fcd08e4b9ade4f885fd945d1019f3170c346,0x848e9a8a576406c47d7b324075b4157afa4778feee95ea1f4675b50a2513fc21,2025-01-16,2025-01-16 23:36:59.000 UTC,379,25140636,0x827922686190790b37229fd06084350E74485b72,5689984,382940580114485332731237,998875333922768363639,31693416480517432278662
0x80c30c49828b8610241e0e941376394aaf7cb5ee,0xd21eff5f471a69acf739345b1a61d0fdb92fc69e647126ee373442b6881e9bb3,2025-05-11,2025-05-11 05:05:09.000 UTC,100,30075281,0x827922686190790b37229fd06084350E74485b72,13354281,309235057823602525290228,467234292556035086990,126725621633943364861563
0x1f4d710f4ba62bd2fd17b1ef042a149dea3d3f82,0xa93e08427abaf308e57afe6cc89b818bb255e31aed0ed15381e656864e26ffbb,2025-07-01,2025-07-01 22:32:57.000 UTC,771,32309915,0x827922686190790b37229fd06084350E74485b72,14549120,22158832854203176,0,185472435581999807830588
0x1f4d710f4ba62bd2fd17b1ef042a149dea3d3f82,0x30c92e61b64aace71ef66dc134e36685f4b91c22dda679903dd94cbc8d48afdb,2025-03-09,2025-03-09 16:11:23.000 UTC,227,27373668,0x827922686190790b37229fd06084350E74485b72,8660628,540534117070036233,0,207967972266961638922166
0x9c3ade0b6810b3319d378d3bbc73a804d5b7e064,0x8f93f1599316447609bc790a2cda6f7e2d5033df1b836ce6607538e1ff1144aa,2025-07-09,2025-07-09 06:07:53.000 UTC,91,32625963,0x827922686190790b37229fd06084350E74485b72,16708508,60602784903115761170887,0,164923181360938687338754
0x5bd24c33e56aadfdb0aa7e0be49e1e2512af96be,0xc4628b8e26519d6ca5e75001bc677e1c266f4f4a223bea62172e0278b932c72a,2025-01-24,2025-01-24 03:42:39.000 UTC,214,25450406,0x03a520b32C04BF3bEEf7BEb72E919cf822Ed34f1,1894117,2169473872301177598379,0,45544696531149950958363
0xe7d1fcd08e4b9ade4f885fd945d1019f3170c346,0xae73be2f12566872dced651982ec28d3ad00724b091bcbffdb651254f6bf2a40,2024-12-15,2024-12-15 03:26:39.000 UTC,156,23721926,0x827922686190790b37229fd06084350E74485b72,3928586,779518385079210888,7413959431,0
0x1f4d710f4ba62bd2fd17b1ef042a149dea3d3f82,0x922b9a37c99b3684885f7077b4ac63f963874724b3df5952900cabbb84d0bc37,2024-12-15,2024-12-15 03:10:59.000 UTC,113,23721456,0x827922686190790b37229fd06084350E74485b72,3877696,276517824570057293,5614481368,122880362686339613845236
0x5bd24c33e56aadfdb0aa7e0be49e1e2512af96be,0x42714619529dd890da205bb6c8700f0593a4134bf972a1f8e867087e74c6ece4,2024-12-12,2024-12-12 01:27:33.000 UTC,245,23588753,0x827922686190790b37229fd06084350E74485b72,3870027,3325945205473014789137,378506161062101891835,1262715482494314466
0xe7d1fcd08e4b9ade4f885fd945d1019f3170c346,0x2ff048a9c124ad9cf80e6e98b7988a28b352052854f47a948e2d3351f3b14bcd,2025-01-13,2025-01-13 06:32:49.000 UTC,183,24980311,0x827922686190790b37229fd06084350E74485b72,5468248,13033171070078041722584,310004145701809348,13481518151859060657504
0x80c30c49828b8610241e0e941376394aaf7cb5ee,0x44072f709b07cb1c3535ebcd8d43d351c1ac068a00db635e8288c00eb92851bc,2025-05-11,2025-05-11 04:54:47.000 UTC,71,30074970,0x827922686190790b37229fd06084350E74485b72,13370735,96051640026184379826,68639385447383959,116502803637970524203
0x1f4d710f4ba62bd2fd17b1ef042a149dea3d3f82,0xa32ce0dc4d74bb1566c19fe5c495e728c20ae417bb4d7df170118e09d176b255,2024-12-17,2024-12-17 02:09:35.000 UTC,210,23806014,0x827922686190790b37229fd06084350E74485b72,4028446,870607642717252524,5659822761,0
0xe08c38abbdc260b14870ed4e40b6360e739adfb6,0x457aef4ec0ddf607836d375659763a542d17b2c41ce3f580eda0084d6228b9cb,2025-01-10,2025-01-10 07:13:25.000 UTC,160,24851929,0x827922686190790b37229fd06084350E74485b72,5319872,27662168602746111425106,1026483389628587972,11038965767686282343261
0xe7d1fcd08e4b9ade4f885fd945d1019f3170c346,0x6377b68fb606c79e142e3e146a4f695200d34f7a1a04ec7412faa0c6fd556476,2024-12-08,2024-12-08 19:22:25.000 UTC,777,23448199,0x827922686190790b37229fd06084350E74485b72,3676959,1025373116283556354,8174018799,13279126290433356948990
0xe7d1fcd08e4b9ade4f885fd945d1019f3170c346,0xe3feead831d06904d608bb178984a1be7ea4dbaed0bc8109ca7c27fbc69a1a33,2025-01-02,2025-01-02 07:28:27.000 UTC,267,24506780,0x827922686190790b37229fd06084350E74485b72,4953072,779786526052052037,2385704332,54426028700767748166607
0x80c30c49828b8610241e0e941376394aaf7cb5ee,0x758978dc5afa3a3162c3fd2456e75e2b2654317d32a94d48cac2e3482a6fab49,2025-07-23,2025-07-23 01:34:17.000 UTC,993,33222555,0x03a520b32C04BF3bEEf7BEb72E919cf822Ed34f1,3582600,1434745705967856092052,72785519564008589,33411192529471293329268
0xe7d1fcd08e4b9ade4f885fd945d1019f3170c346,0x23e79101f6e6c015f0085c9c3afa1c176d2be0b3856887456c53a048ccf5b513,2024-12-29,2024-12-29 07:52:55.000 UTC,163,24334714,0x827922686190790b37229fd06084350E74485b72,3932914,155244749040439885,0,186395157372967163138543
0x9c3ade0b6810b3319d378d3bbc73a804d5b7e064,0x003688d26fec5ecebc7c05f5457ca96c4ebf014b432313d969df752f4415ab68,2025-01-17,2025-01-17 00:15:11.000 UTC,270,25141782,0x827922686190790b37229fd06084350E74485b72,5677403,121602377183249485900204,1332929441684307129987,14993074768769601259814
0xe08c38abbdc260b14870ed4e40b6360e739adfb6,0xa89059071fb2d41a89aa29d6fbdaa5ccf103cb6a9415c9f7831504d149dfa079,2025-01-14,2025-01-14 19:48:21.000 UTC,213,25047377,0x827922686190790b37229fd06084350E74485b72,5553679,873859326528224567864,391829202073282402547,1201030273654850738
0xe7d1fcd08e4b9ade4f885fd945d1019f3170c346,0x531a4e6949b6194799ed873a6c62a397981b512e4a41cf6edb3bff720371f5b6,2024-12-17,2024-12-17 02:07:53.000 UTC,296,23805963,0x827922686190790b37229fd06084350E74485b72,4029379,586566115728298561,7626917265,0
0x9c3ade0b6810b3319d378d3bbc73a804d5b7e064,0x977de8596063c981f5c5df593198d837d0af1153ee653f78601f34b167fbdc68,2025-01-14,2025-01-14 21:13:01.000 UTC,181,25049917,0x827922686190790b37229fd06084350E74485b72,5567187,917569836750198994123,40607804824298963033,242804120881585082
0x1f4d710f4ba62bd2fd17b1ef042a149dea3d3f82,0x67fbe8be35a74deca7cfac1a52b9ac54af18343ee174949fde39c5ed5192dba1,2025-03-20,2025-03-20 06:43:09.000 UTC,436,27831821,0x827922686190790b37229fd06084350E74485b72,9385589,216003133946704728,0,169603845298142782243800
0x9c3ade0b6810b3319d378d3bbc73a804d5b7e064,0x9aad0f3b3087bc9b7422efdf4d0433995d5cbefae6ccddc02b668d5023c35aff,2024-12-13,2024-12-13 21:22:45.000 UTC,360,23667809,0x827922686190790b37229fd06084350E74485b72,3940889,404781067147294177124,0,600628062444015062
0x5bd24c33e56aadfdb0aa7e0be49e1e2512af96be,0xf40e3f33d866846db1491300189e285cd8fc8c5ff7661c991e29c7aab12de186,2025-01-24,2025-01-24 03:41:39.000 UTC,249,25450376,0x827922686190790b37229fd06084350E74485b72,5967096,13134612657458308,0,4199089766645587891793
0xd38f4e03cb01685fcfc811f28b90bdcd222120ff,0xa01a0fa654b1585031c8e51079bbee32a565c9bf2c6b2316dc24e5daece23664,2025-03-09,2025-03-09 05:21:15.000 UTC,216,27354164,0x827922686190790b37229fd06084350E74485b72,8510878,75421067448388951654224,0,99999999999999999999999
0x5bd24c33e56aadfdb0aa7e0be49e1e2512af96be,0x4ab881786548197a0d5af4ef3ae201131e0c7be5399097e3b79c3c892283cca3,2024-12-07,2024-12-07 06:19:43.000 UTC,210,23381518,0x827922686190790b37229fd06084350E74485b72,3612980,159891448186995269957197,166309216664019549216888534,83110861953189104
0x5bd24c33e56aadfdb0aa7e0be49e1e2512af96be,0x46de47cdcfdc34baf1873d92859b50902e5b444fcf755e222ad235ebb1c6034c,2024-12-08,2024-12-08 21:53:31.000 UTC,168,23452732,0x827922686190790b37229fd06084350E74485b72,3681808,872133378374809,209674352633621075,1343751459
0x1f4d710f4ba62bd2fd17b1ef042a149dea3d3f82,0x93904d43f2b1013a10f07957918f1b0e4a6e0e4a00d1e6f83d703f38edab1de5,2024-12-07,2024-12-07 18:46:21.000 UTC,221,23403917,0x827922686190790b37229fd06084350E74485b72,3636308,480541316652070818,0,499999999999999999338931
0xde77e4972672f995d19e275d7652c274778d4cbb,0xc97e68ddca3d007da98abc04bf46bea29df929830eab6d3b1573226f2cf89159,2025-07-18,2025-07-18 04:21:07.000 UTC,583,33011560,0x827922686190790b37229fd06084350E74485b72,15655120,880139108904206129,0,845257929812785554126273
0x1f4d710f4ba62bd2fd17b1ef042a149dea3d3f82,0xe7570956cbf3cfda941e8ddc1931e564e6e515008ef04eac68b697cd1a17ff6b,2024-12-10,2024-12-10 03:59:33.000 UTC,392,23506913,0x827922686190790b37229fd06084350E74485b72,3688908,249709220661158253,0,174038209674989329724045
0x5bd24c33e56aadfdb0aa7e0be49e1e2512af96be,0x9ab5bd4780f9df41ad20edcf7b91c5e4082c86b7460a6414f7b03e0edc893bd7,2025-02-08,2025-02-08 05:34:09.000 UTC,287,26101751,0x827922686190790b37229fd06084350E74485b72,6901643,4039103635803996024540,31518590589988581,93196683748966825329214
0x9c3ade0b6810b3319d378d3bbc73a804d5b7e064,0xa3cf2fdf28377946deaff805066ffa4e1f8d3d581628074164082fa44fbdafed,2025-05-23,2025-05-23 19:47:25.000 UTC,597,30620149,0x827922686190790b37229fd06084350E74485b72,13916707,41898675155615582590037,0,166059814099515461419310
0x1f4d710f4ba62bd2fd17b1ef042a149dea3d3f82,0xf1f3ddb67d2c9756deea9f9e453c95c9893696c0c1bd3df89f085913ba4aab4c,2025-03-09,2025-03-09 08:22:03.000 UTC,225,27359588,0x827922686190790b37229fd06084350E74485b72,8718122,52192646591610358367,47171207527028914,68254546049102651196
0x80c30c49828b8610241e0e941376394aaf7cb5ee,0xfab6b9b45a5e094ac09dd29a6982a8438706b115820007f292b1858a5984714a,2025-05-19,2025-05-19 05:14:43.000 UTC,144,30421168,0x03a520b32C04BF3bEEf7BEb72E919cf822Ed34f1,3023231,200712192318548762320,440571078229273049,469732284059259119202
0x9c3ade0b6810b3319d378d3bbc73a804d5b7e064,0xe782172a6768bf99b5671271600644edf46d701013fb237540337c956c658da4,2025-05-12,2025-05-12 04:27:37.000 UTC,129,30117355,0x46A15B0b27311cedF172AB29E4f4766fbE7F4364,377089,6305414233424742123908,601142036235074487,0
0x1f4d710f4ba62bd2fd17b1ef042a149dea3d3f82,0x1664d6cd10df88a0429f5d4d961925d83cc38c6f798cbb968167126f55ea3f30,2025-03-08,2025-03-08 08:00:59.000 UTC,240,27315756,0x827922686190790b37229fd06084350E74485b72,8557676,226315520539527623,605004969,93741203724671679140989
0x2173fe72e185696b1ef348e7289594b3a7f4ad2c,0xfb9c9a86cb15fe42935c53d2dc1f4bc04613decec4b3732072824e33c2277fc9,2025-07-17,2025-07-17 03:31:23.000 UTC,62,32966868,0x03a520b32C04BF3bEEf7BEb72E919cf822Ed34f1,3221038,28878398920100180780974,0,832060980238902190518909
0x80c30c49828b8610241e0e941376394aaf7cb5ee,0x8b49052b5d4b66e7014682cda2f24c87e05e70f86491b1f6c8d235e2101d2604,2025-02-05,2025-02-05 04:49:25.000 UTC,113,25970809,0x827922686190790b37229fd06084350E74485b72,6085417,4450052105764313346640,0,124016649086490315096271
0x1f4d710f4ba62bd2fd17b1ef042a149dea3d3f82,0xc418dd56ee318eac834f2bfb0dda1e5382dd5462c5ad34a43d113c728cfcf054,2025-03-09,2025-03-09 22:30:21.000 UTC,111,27385037,0x827922686190790b37229fd06084350E74485b72,8753967,521125125486047026,0,204550626874951483868647
0x9c3ade0b6810b3319d378d3bbc73a804d5b7e064,0xe2d8e975f5f3eadfaaad9156d8f251c8ce9cdc5758221cca0a7954dd15c6d9d8,2024-12-15,2024-12-15 06:57:25.000 UTC,145,23728249,0x827922686190790b37229fd06084350E74485b72,3937163,313579353506959362,4590164175,400467198460693667716205
0x5bd24c33e56aadfdb0aa7e0be49e1e2512af96be,0xfe0e4e250d2567227ba04c260ee600ecb4c846a5db185d8a75b748e873b34b11,2025-01-10,2025-01-10 06:44:59.000 UTC,367,24851076,0x827922686190790b37229fd06084350E74485b72,5337863,909502843847418805536,195812413281379319,106760797652172179844
0x80c30c49828b8610241e0e941376394aaf7cb5ee,0xb1d53b2d77082da4293639b33ddff35b0fc07d6718b8790095b84345f0a2ab2f,2025-05-11,2025-05-11 04:43:51.000 UTC,70,30074642,0x03a520b32C04BF3bEEf7BEb72E919cf822Ed34f1,2997300,3207694451146817291505,237657864789987841,50194337415213731979712
0xe7d1fcd08e4b9ade4f885fd945d1019f3170c346,0x7f2c6b2c90cb1db5a7edf17c4fa773c533d909cbb718f426d72a1ec7ff590853,2025-03-05,2025-03-05 06:46:57.000 UTC,369,27183935,0x827922686190790b37229fd06084350E74485b72,8369425,197369418732276871,724508200,81014570572824629349188
0x5bd24c33e56aadfdb0aa7e0be49e1e2512af96be,0xa3e4b37183f3ba882fe25f7b80a849b08a04f7f79a58aec1970beb25dcd1abc4,2024-12-10,2024-12-10 01:32:37.000 UTC,151,23502505,0x827922686190790b37229fd06084350E74485b72,3740838,6878358004,1817789171,333370
0x80c30c49828b8610241e0e941376394aaf7cb5ee,0x740ad5f4e362f7a136436c45249265234beef56c161691bb91088b4f4160dab6,2025-02-05,2025-02-05 04:52:55.000 UTC,186,25970914,0x827922686190790b37229fd06084350E74485b72,6085334,133526189091462725,0,64444160765876999545625
0x80c30c49828b8610241e0e941376394aaf7cb5ee,0xe194e4d4d1dd93f3269225b7c0f282063caa2c4a202628dc23300b2b6cbb2ea3,2025-01-24,2025-01-24 05:24:23.000 UTC,289,25453458,0x03a520b32C04BF3bEEf7BEb72E919cf822Ed34f1,1920424,9041053274788881225457,215669763704316653,205719638461694646373782
0x9c3ade0b6810b3319d378d3bbc73a804d5b7e064,0x50179eeca45596be4b6d91fe183180a48de63d0c497c3cda7315ca196dff7a5d,2024-12-15,2024-12-15 06:53:43.000 UTC,139,23728138,0x827922686190790b37229fd06084350E74485b72,3928080,384825387771644641,4440771949,209252853029498797324569
0x9c3ade0b6810b3319d378d3bbc73a804d5b7e064,0xbcb871cb227d5281e06fbef04851e010748b3d74ed2030a440b440291df0e0b6,2025-05-11,2025-05-11 04:32:53.000 UTC,163,30074313,0x46A15B0b27311cedF172AB29E4f4766fbE7F4364,377086,3954709079641978624784,0,207379959725928413
0x1f4d710f4ba62bd2fd17b1ef042a149dea3d3f82,0xd80d049e67b03a2f488f04bbf5d9aa0ad890e093bef2f63a0e4dd8e4933955e5,2024-12-08,2024-12-08 00:14:35.000 UTC,328,23413764,0x827922686190790b37229fd06084350E74485b72,3637129,725644631963431446,3979953264,0
0x5bd24c33e56aadfdb0aa7e0be49e1e2512af96be,0xf5bb94f49eb3167d6f9e3f5f47cca2717bfb6e7cdffe1fd6d7344af41abd8061,2025-02-08,2025-02-08 05:32:09.000 UTC,287,26101691,0x827922686190790b37229fd06084350E74485b72,6913447,1087770483,475019450,550452
0xd38f4e03cb01685fcfc811f28b90bdcd222120ff,0x2dbad93d458bc54213d980231ebe7d6b07a0677fc894ddaae8862c76b20660dd,2025-05-14,2025-05-14 03:11:41.000 UTC,65,30201477,0x03a520b32C04BF3bEEf7BEb72E919cf822Ed34f1,3024682,83166116268486051714,113644957342272476,202468538315420688515
0xd38f4e03cb01685fcfc811f28b90bdcd222120ff,0x6668a9f3e77cb0ac0981599f72d429e291f9d9a8f7b50b0abbac9ae57e989296,2025-07-18,2025-07-18 03:09:15.000 UTC,1023,33009404,0x03a520b32C04BF3bEEf7BEb72E919cf822Ed34f1,3547955,173042828605548780392,14664823472502311,278985076156745147031
0x80c30c49828b8610241e0e941376394aaf7cb5ee,0x15e89f628bde6a5264f7d5485313abc587099d613e604d6e451b31b5c79d72cc,2025-05-17,2025-05-17 05:50:07.000 UTC,129,30335830,0x827922686190790b37229fd06084350E74485b72,13614956,5465477370236710,0,2833336795478317931649
0x9c3ade0b6810b3319d378d3bbc73a804d5b7e064,0x6a99935d5df61abd27c33cdac0379c0a410f68ce65f2adc163359a69585c3b44,2025-01-13,2025-01-13 07:16:31.000 UTC,521,24981622,0x827922686190790b37229fd06084350E74485b72,5472890,477225265869745807,0,38461636472197239903025
0xe08c38abbdc260b14870ed4e40b6360e739adfb6,0x4b5e901d780602e4fb09e55efa5b21b4729642691d77b3f751e4609819f0945a,2024-12-08,2024-12-08 06:40:03.000 UTC,525,23425328,0x827922686190790b37229fd06084350E74485b72,3646320,365704182883844102,10271784108,280911016248702636991231
0xd38f4e03cb01685fcfc811f28b90bdcd222120ff,0x94ed8912670fedcddce5962dcac282ae5ac9125c7b79139bcc538c118b245cbc,2025-05-15,2025-05-15 23:11:27.000 UTC,51,30280670,0x827922686190790b37229fd06084350E74485b72,13626728,194462802478393785903,0,357588377901970321899
0x1f4d710f4ba62bd2fd17b1ef042a149dea3d3f82,0xc68638556d2e6d854b89a7727f3ec848f2c118e6cf5e6a1e92046862105d99aa,2025-01-14,2025-01-14 20:31:05.000 UTC,407,25048659,0x827922686190790b37229fd06084350E74485b72,5564097,1257983685685719669546,0,381831521604226306
0xe7d1fcd08e4b9ade4f885fd945d1019f3170c346,0xf46eee75823c211dcdd662f3051f5b009672b0e709f0a8e329ee7689de493d83,2024-12-08,2024-12-08 05:20:01.000 UTC,243,23422927,0x827922686190790b37229fd06084350E74485b72,3650781,330403610095706682,2801415046,266607720845996224380262
0xe7d1fcd08e4b9ade4f885fd945d1019f3170c346,0xcd03e818963faa7a6b971d9a30e163abcee15439ba03aab955bf4d384cf91e4e,2025-01-16,2025-01-16 23:36:15.000 UTC,221,25140614,0x827922686190790b37229fd06084350E74485b72,5685363,437041153796578631,558697466,44396829986942966771515
0xf92e2e0c8a841ac26b7cbdefc27732a4f07c6105,0xe41f332e122cef0ef007f24c1d19ef17288aab91cc824505f5658fa13c5c5061,2025-05-14,2025-05-14 04:01:39.000 UTC,54,30202976,0x827922686190790b37229fd06084350E74485b72,13629451,228272984440497334,119282330,104934020070170837353096
0x80c30c49828b8610241e0e941376394aaf7cb5ee,0xd0673ef1aec46cbe2364f8d24fb98dddfe5f64d9f511eb186e62f5d2eff5fa0e,2025-05-13,2025-05-13 06:07:23.000 UTC,18,30163548,0x03a520b32C04BF3bEEf7BEb72E919cf822Ed34f1,3000994,184012818800910122433,686243288449994413,78045355916928372606
0xd38f4e03cb01685fcfc811f28b90bdcd222120ff,0x7742ea6fafba13e1590035db2d86f86ceddfd9f7a14b1c92c42cc0bb802c8c6c,2025-05-11,2025-05-11 05:13:53.000 UTC,85,30075543,0x827922686190790b37229fd06084350E74485b72,13363696,69073747443539055769943,263809197836651747806,21392045525245162597731
0xe7d1fcd08e4b9ade4f885fd945d1019f3170c346,0xd761eac9c26c5a0c676b17f7615cc2e2b5293a59c1587337fe4920f342a54e1c,2025-01-22,2025-01-22 04:31:37.000 UTC,129,25365475,0x827922686190790b37229fd06084350E74485b72,5967844,218553784119881921,2255303979,50300046979997049561034
0x9c3ade0b6810b3319d378d3bbc73a804d5b7e064,0x40593a7760a68f9857d9e4826f81fd1f78f32c101a66fe33be22280b15722394,2024-12-29,2024-12-29 07:34:51.000 UTC,145,24334172,0x827922686190790b37229fd06084350E74485b72,4033861,252174570644921470,0,53504134601219647244269
0xd38f4e03cb01685fcfc811f28b90bdcd222120ff,0xcb27346e0806ef7efac90cb0129aab3d9f05065449245dd05fdf2ba2170b948d,2025-03-09,2025-03-09 05:30:07.000 UTC,459,27354430,0x827922686190790b37229fd06084350E74485b72,8712301,95300149718641305302169,503307430241941950499,74391717715539955445113
0x5bd24c33e56aadfdb0aa7e0be49e1e2512af96be,0x0a506725aa02fb7440472a6322d1df36e270e2c17f4671dd705af8cf27fd8576,2025-01-24,2025-01-24 03:47:19.000 UTC,390,25450546,0x03a520b32C04BF3bEEf7BEb72E919cf822Ed34f1,1919681,817132560888216184049,106578575070030081,14021662757085224063368
0x2173fe72e185696b1ef348e7289594b3a7f4ad2c,0x693c259df26bb0b1be21119fcad9eb98a662fda4df72e348271f9e400143f292,2025-05-15,2025-05-15 22:56:29.000 UTC,66,30280221,0x03a520b32C04BF3bEEf7BEb72E919cf822Ed34f1,3024628,3741727481163431208649,0,121015929408561494479659
0x5bd24c33e56aadfdb0aa7e0be49e1e2512af96be,0x075c7868469b05d91f042e45358e16ffbed909071f240cbe1171cee74f30c114,2025-01-10,2025-01-10 06:46:13.000 UTC,205,24851113,0x827922686190790b37229fd06084350E74485b72,5337846,500901420810990406903218,176936826697181335088,17739738153403200859403
0x5bd24c33e56aadfdb0aa7e0be49e1e2512af96be,0x97cc8ee528350500ecc4704dfefbe6d75e59153c55ae6b611a71de39a21a6203,2025-02-13,2025-02-13 04:10:05.000 UTC,171,26315229,0x827922686190790b37229fd06084350E74485b72,7207852,5573652855111381912014,242240220806820611,49296951543759958193888
0x80c30c49828b8610241e0e941376394aaf7cb5ee,0x8dec6d096b83da1cd59f12d1f0150e408a9528f207d1aa805a97fb9323390388,2025-01-24,2025-01-24 05:26:47.000 UTC,313,25453530,0x827922686190790b37229fd06084350E74485b72,5864618,159622736944371336704251,0,74479032397411435725222
0x9c3ade0b6810b3319d378d3bbc73a804d5b7e064,0xbf9393659762f5f67c2a99efc8c6da9693a0e48f08a018d43b01242ece0410a1,2025-01-02,2025-01-02 07:44:43.000 UTC,215,24507268,0x827922686190790b37229fd06084350E74485b72,4961516,271744808577670365073,228112378649477527808,280488330405620782
0xe7d1fcd08e4b9ade4f885fd945d1019f3170c346,0x01c609c7f1a592c7d7d2e4d539b14af820ec1975cf610fdc579a40bf57a5e752,2024-12-12,2024-12-12 23:55:21.000 UTC,223,23629187,0x827922686190790b37229fd06084350E74485b72,3869720,390987820545376597,4814478193,246942357969388929042646
0x5bd24c33e56aadfdb0aa7e0be49e1e2512af96be,0xaa1d69cc178cbb9718ba4599f976d5d28af09bce92e4701ba06f57f674716c80,2024-12-02,2024-12-02 21:27:59.000 UTC,184,23192766,0x827922686190790b37229fd06084350E74485b72,3346152,339925643141434617,0,149999999999999999689707
0xf92e2e0c8a841ac26b7cbdefc27732a4f07c6105,0xdfe321595c298814d01112246a00b2615240265c685d8afc9d6d7be4a3893916,2025-06-17,2025-06-17 05:28:45.000 UTC,337,31674389,0x03a520b32C04BF3bEEf7BEb72E919cf822Ed34f1,3179232,10045033050749424831378,700811855931829215,0
0x1f4d710f4ba62bd2fd17b1ef042a149dea3d3f82,0xc4ce22f1ca5a61e74ec4ed699007f184bc659592f776a51bbc4514c2fb7b6b38,2024-12-08,2024-12-08 02:15:45.000 UTC,249,23417399,0x827922686190790b37229fd06084350E74485b72,3636587,563704783882453171,5124133579,555449457242432037566485
0x5bd24c33e56aadfdb0aa7e0be49e1e2512af96be,0x9870a0b2e842234a1fd39b221c26df9a9f15cb62da4c9e01bd80250e38f42c66,2025-07-17,2025-07-17 04:46:13.000 UTC,600,32969113,0x46A15B0b27311cedF172AB29E4f4766fbE7F4364,445597,60656342776,677078,2356777
0xe7d1fcd08e4b9ade4f885fd945d1019f3170c346,0x10315b010733a110f0b9009e17d2dba2dba6df657b6682ec65384c81b0d29643,2025-06-02,2025-06-02 06:08:21.000 UTC,36,31027577,0x827922686190790b37229fd06084350E74485b72,15384751,30421708228,1518995,0
0x7f581540938546a343d76a7f40171490de6b7b19,0x7b08f31c9b6e295987677de18d72090ff8bee8158f2260d4d451c9940baf4465,2025-05-17,2025-05-17 06:20:35.000 UTC,81,30336744,0x03a520b32C04BF3bEEf7BEb72E919cf822Ed34f1,3024636,3575062849551354395072,0,115625618276709706602368
0x80c30c49828b8610241e0e941376394aaf7cb5ee,0x05a51ca42726bb04eebd98eff1e8ca6a7f516e673bb7186ca238b5360bdaaee4,2025-01-22,2025-01-22 04:38:25.000 UTC,375,25365679,0x03a520b32C04BF3bEEf7BEb72E919cf822Ed34f1,1856733,11492465717148247387546,0,227216695430367257973921
0xf92e2e0c8a841ac26b7cbdefc27732a4f07c6105,0xe9a23221d550a0a7f977735631060e4f880da5d9508ca53c35e301f6df581486,2025-05-14,2025-05-14 03:53:09.000 UTC,269,30202721,0x827922686190790b37229fd06084350E74485b72,13378621,197710233707436068,832492195,30012152912129987326930
0x9c3ade0b6810b3319d378d3bbc73a804d5b7e064,0x5b161a8bf44e731a8400de69e5b83dcb8d75fea42be1791e13375239918c13df,2024-12-12,2024-12-12 04:46:37.000 UTC,632,23594725,0x827922686190790b37229fd06084350E74485b72,3869976,2132333113440746706,5037794771,15582728955904075681470
0xe08c38abbdc260b14870ed4e40b6360e739adfb6,0x02fd50c8992340c41be3c84eeb3b6136e14fcefbb42e52bd1c9a0971737a75b5,2025-05-23,2025-05-23 19:36:13.000 UTC,520,30619813,0x827922686190790b37229fd06084350E74485b72,13459798,19568541617926541,0,156459679470275715229563
0x80c30c49828b8610241e0e941376394aaf7cb5ee,0x43ce9b9db7b8e2f77e279a31f6a138709680730f4ae3cecf6888558913c056e6,2025-07-16,2025-07-16 05:53:13.000 UTC,134,32927923,0x03a520b32C04BF3bEEf7BEb72E919cf822Ed34f1,3520846,203108499210761686157,232000987004506032,439355518354756588709
0x5bd24c33e56aadfdb0aa7e0be49e1e2512af96be,0x9e2323cbe9c8ba3d286ba04d840fcd39ba957cfde8fab64292d83d6868bbdf27,2024-12-06,2024-12-06 00:05:39.000 UTC,423,23327096,0x827922686190790b37229fd06084350E74485b72,3512298,106756445267026465,701622391,79032251066549505701133
0x5bd24c33e56aadfdb0aa7e0be49e1e2512af96be,0xa828b980b1c5ffedfd8900356f2203002da09dbf048458e6cb4f871835dd0cb7,2025-02-13,2025-02-13 04:09:25.000 UTC,186,26315209,0x827922686190790b37229fd06084350E74485b72,7212995,70240286874913165,272214829,25935009693400131403924
0xf92e2e0c8a841ac26b7cbdefc27732a4f07c6105,0xae40f0c683e62a6a5cb7f6df8d90a770add570924316737b53f792493f71faa8,2025-05-11,2025-05-11 05:51:53.000 UTC,185,30076683,0x827922686190790b37229fd06084350E74485b72,13374240,60345049971242908,13130360375175781552177,103909181
0x5bd24c33e56aadfdb0aa7e0be49e1e2512af96be,0xfecdd8234f3c61283ab75efbf502464a3846c3f37eee393eeb6060538ff1eadf,2024-12-10,2024-12-10 06:35:29.000 UTC,164,23511591,0x827922686190790b37229fd06084350E74485b72,3762289,7467997715773268,0,4533104059
0xe08c38abbdc260b14870ed4e40b6360e739adfb6,0x225ec58a6e280a01382847d0b3a3a3d20b1205b716cbaad2d3a5dc9dc0e90f3a,2025-05-11,2025-05-11 00:19:51.000 UTC,137,30066722,0x827922686190790b37229fd06084350E74485b72,13329009,697658803293098795,3329688871,206280621196614891730985
0x2173fe72e185696b1ef348e7289594b3a7f4ad2c,0x1af6d052081d32e23262ecbc74b3c3f1e8c1503484b1be1f6addf0d7ef02e71b,2025-05-19,2025-05-19 04:58:03.000 UTC,44,30420668,0x03a520b32C04BF3bEEf7BEb72E919cf822Ed34f1,3036078,423172203553849567963,17132861529776842,8799983005100876362985
0x80c30c49828b8610241e0e941376394aaf7cb5ee,0x5368179705a16fe8ef1a4a9db9ff2ae10ce66ec9e8ea5e1416917c006a543185,2025-02-05,2025-02-05 04:51:13.000 UTC,312,25970863,0x827922686190790b37229fd06084350E74485b72,6085304,148905731385598530766520,0,73774632184197975268445
0xe08c38abbdc260b14870ed4e40b6360e739adfb6,0x957d66cdc04133d5843c78fa31fc9f7a79fbaffdf381efcd5d31ffec47f86adf,2024-12-06,2024-12-06 01:11:31.000 UTC,207,23329072,0x827922686190790b37229fd06084350E74485b72,3511372,372606458236339268,0,499999999999999999841839
0x80c30c49828b8610241e0e941376394aaf7cb5ee,0xf34aac280ed6824e0dbb4c1015f0c4a7cd1fd142969a3f0e2bdab5fb319ffe3d,2025-01-22,2025-01-22 04:44:07.000 UTC,277,25365850,0x827922686190790b37229fd06084350E74485b72,5968408,3533103711745468315412,368505705748688816,98584955902243729889462
0x80c30c49828b8610241e0e941376394aaf7cb5ee,0x17d95f8ebf0aa6e5d1a2e09557518128c25b17814ed593b462372313b8ae9a69,2025-05-13,2025-05-13 06:05:53.000 UTC,74,30163503,0x827922686190790b37229fd06084350E74485b72,13552433,3475238558090030,12458794,1490238399377589515158
0x9c3ade0b6810b3319d378d3bbc73a804d5b7e064,0x7f6a861ced8ac11d5e55023e9eef85e71fd51af529cdb98fc233465bda968993,2024-12-13,2024-12-13 00:00:07.000 UTC,339,23629330,0x827922686190790b37229fd06084350E74485b72,3878442,761678474251417967,7030194520,0
0xd38f4e03cb01685fcfc811f28b90bdcd222120ff,0x47c514f17013fe66276631f73b8e1e521367d53f91db7e13f4ce67d649625467,2025-05-15,2025-05-15 23:04:33.000 UTC,429,30280463,0x03a520b32C04BF3bEEf7BEb72E919cf822Ed34f1,3024778,6540254024572027494183,0,175385017974236155346774
0x1f4d710f4ba62bd2fd17b1ef042a149dea3d3f82,0xfd2f9b74553c4ee3c55d820d3155e4dd4f49facf5b6843e97244a33e29ec29e8,2024-12-12,2024-12-12 04:39:09.000 UTC,314,23594501,0x827922686190790b37229fd06084350E74485b72,3760519,245112406467398696,3441171438,173169841646969222015113
0x2173fe72e185696b1ef348e7289594b3a7f4ad2c,0x5ca37125339de9db2d31a328c9bd8d0bffe14097537776983ec815bdf203f448,2025-07-17,2025-07-17 03:30:31.000 UTC,76,32966842,0x827922686190790b37229fd06084350E74485b72,15655115,240438749878802701,0,969673521687045533641830
0x2173fe72e185696b1ef348e7289594b3a7f4ad2c,0x485e8ee68df594dbd14caa55f0a20b8d055bf8d09981c7ebb535ef186f24d9bb,2025-05-21,2025-05-21 06:33:01.000 UTC,45,30509917,0x03a520b32C04BF3bEEf7BEb72E919cf822Ed34f1,3064148,36832170379845248502470,0,904327448066800242871864
0x5bd24c33e56aadfdb0aa7e0be49e1e2512af96be,0x3b4be626fdbae0c34e2fa5d8fd9d8338bc422322822493b39b7f26d579ae1974,2024-12-10,2024-12-10 01:31:11.000 UTC,175,23502462,0x827922686190790b37229fd06084350E74485b72,3747560,1152804285940890655342,405111702832100295,239380048154761225648
0xe08c38abbdc260b14870ed4e40b6360e739adfb6,0x0d8afd41f3fedd26fcf20f418bc01a3ff039fcccbd1a4d65dfa4e0d518f0bc8f,2025-01-01,2025-01-01 08:21:03.000 UTC,390,24465158,0x827922686190790b37229fd06084350E74485b72,4907226,1563191052753906333858,154451411612637439313,515274241238889698
0xe08c38abbdc260b14870ed4e40b6360e739adfb6,0x2fc79a093f8c942be4666449af533b0f6056e1a023bbc8dbfcc4fbebc2da3195,2025-01-01,2025-01-01 08:14:47.000 UTC,99,24464970,0x827922686190790b37229fd06084350E74485b72,4893127,2619806077806374154748,2194280652972873275448,2731176202928523342
0xd38f4e03cb01685fcfc811f28b90bdcd222120ff,0xe10860dd32f2211fa28146bebb97c959cc7ccf54a0f9d06e85f0103efe355c73,2025-03-09,2025-03-09 05:56:17.000 UTC,145,27355215,0x03a520b32C04BF3bEEf7BEb72E919cf822Ed34f1,2263371,68310554080259667766,108314997006016966487,37594810956853066
0xf92e2e0c8a841ac26b7cbdefc27732a4f07c6105,0xe9542d76b49178b2fcc89d21acdcb214bdff0a5b101764e9a0a31c2ef6c79ff0,2025-07-18,2025-07-18 03:15:03.000 UTC,1004,33009578,0x03a520b32C04BF3bEEf7BEb72E919cf822Ed34f1,3547373,17621623612362463,954921795,238996115158867250754
0xe7d1fcd08e4b9ade4f885fd945d1019f3170c346,0x3f71bdaa8c06e4899e171a491a273a555eb278218588a6b55f2d9f2c1ca7de06,2024-12-12,2024-12-12 01:13:29.000 UTC,346,23588331,0x827922686190790b37229fd06084350E74485b72,3753697,436321315924855916,5930801209,242799548874008877919379
0xe08c38abbdc260b14870ed4e40b6360e739adfb6,0x7285f5ce649f67f1e3e801ade9de2792364e920b4f367ef0ff8696751840d7c0,2024-12-10,2024-12-10 02:03:59.000 UTC,169,23503446,0x827922686190790b37229fd06084350E74485b72,3682011,373566174975757471,0,248220611547778961607825
0x80c30c49828b8610241e0e941376394aaf7cb5ee,0x0e58764061c09e98f9f25b2a689d26e1fb0da4e2c4858aec20ef4fd934a32211,2025-02-18,2025-02-18 05:40:19.000 UTC,121,26533936,0x827922686190790b37229fd06084350E74485b72,7207771,6869384246105351577160,665070481558027763,83478279969925501478384
0x9c3ade0b6810b3319d378d3bbc73a804d5b7e064,0xe87616ee8131a27bdfc5186d06e09bb09e0f05a4a24a02c4040a9196d97567f2,2024-12-12,2024-12-12 04:52:25.000 UTC,451,23594899,0x827922686190790b37229fd06084350E74485b72,3877986,773046615811909390,0,49999999999999999944500
0x1f4d710f4ba62bd2fd17b1ef042a149dea3d3f82,0x503191a9711161a913e08fc3bcdd15d6828ea4c1823f109ae270f88b66bd1377,2025-07-16,2025-07-16 04:14:39.000 UTC,142,32924966,0x03a520b32C04BF3bEEf7BEb72E919cf822Ed34f1,3528772,112927168662188005755,123072652491012233,169751634917434853326
0x5bd24c33e56aadfdb0aa7e0be49e1e2512af96be,0x2d153edd32f173f692b05591a8cfe02158bca138a094f42d9d854ea2ffcf9ad6,2025-01-22,2025-01-22 04:07:01.000 UTC,248,25364737,0x03a520b32C04BF3bEEf7BEb72E919cf822Ed34f1,1892904,1461479751583662619421,319846132184665629,22641091124971474466991
0x2173fe72e185696b1ef348e7289594b3a7f4ad2c,0xcec8969035a7b91a5fcad2add235c5b075ae062cf8423ce6d7a6fac9b08585aa,2025-06-01,2025-06-01 04:15:13.000 UTC,141,30980983,0x03a520b32C04BF3bEEf7BEb72E919cf822Ed34f1,3070244,28514358021807543955855,0,897315389223601331664531
0xe08c38abbdc260b14870ed4e40b6360e739adfb6,0x207acaaf323419be71dcb31734c95e92963abb74d3b7a7dbbaf0929cc9c9c3ec,2024-12-16,2024-12-16 01:54:43.000 UTC,202,23762368,0x827922686190790b37229fd06084350E74485b72,4028182,1091679008897529699,7097008341,0
0x1f4d710f4ba62bd2fd17b1ef042a149dea3d3f82,0xe649fa03b03b009795455a17dedcb046b2affc22c2a6465dca75a1e6348e908f,2025-03-05,2025-03-05 06:41:51.000 UTC,482,27183782,0x827922686190790b37229fd06084350E74485b72,8100665,5634793933409272506314,359666797717370714,99978135172983967331790
0x80c30c49828b8610241e0e941376394aaf7cb5ee,0x91843ce2fe22df29b9bd25fa48dedc1c96f98d1ae5203b778928ac5ac696133b,2025-07-16,2025-07-16 05:55:17.000 UTC,18,32927985,0x827922686190790b37229fd06084350E74485b72,16883980,97401286008474175870485,0,205849494689141036636487
0xe7d1fcd08e4b9ade4f885fd945d1019f3170c346,0x05b59d74db9e39271511c223a295d154dae0287298bf63440546a1654b181208,2025-05-19,2025-05-19 05:34:35.000 UTC,181,30421764,0x827922686190790b37229fd06084350E74485b72,13367273,975509843507630,634582026795597,423864
0x5bd24c33e56aadfdb0aa7e0be49e1e2512af96be,0xbcf14675a8aa354fd04c4ad4fc99de269d2013a2d8192bed551a8edee5c5d44a,2025-02-13,2025-02-13 04:07:59.000 UTC,185,26315166,0x827922686190790b37229fd06084350E74485b72,7204528,1586835308,318888301,683552
0xd38f4e03cb01685fcfc811f28b90bdcd222120ff,0x8a47f5fb3a1960992cc55659cb91ee44124f53ddca5653fa058f7b035230202b,2025-07-18,2025-07-18 03:08:39.000 UTC,428,33009386,0x827922686190790b37229fd06084350E74485b72,19672403,27964509881,1178779,218766
0xe08c38abbdc260b14870ed4e40b6360e739adfb6,0x23d24be7511cca268cd65767e5a87f7aaeb95de5e7edacfc6460c772fb1665e7,2025-05-12,2025-05-12 04:34:45.000 UTC,44,30117569,0x827922686190790b37229fd06084350E74485b72,13354458,20544612962138342,0,155457005239154593162450
0xf92e2e0c8a841ac26b7cbdefc27732a4f07c6105,0x947c714a15445175922eca70b75b97d96ffbb285c2a25770339cc6aef4f0ac40,2025-05-14,2025-05-14 04:03:29.000 UTC,43,30203031,0x03a520b32C04BF3bEEf7BEb72E919cf822Ed34f1,3022979,5343546811193557238349,504673810510726560,21261242475461161229395
0xde77e4972672f995d19e275d7652c274778d4cbb,0xe2373b253435da02bd2a6a7ef21cbc75a3c17a207a666035a3957dd6a31acc6a,2025-07-18,2025-07-18 04:21:43.000 UTC,784,33011578,0x827922686190790b37229fd06084350E74485b72,15650366,549857030945102559298370,0,559656838673651971446572
0x1f4d710f4ba62bd2fd17b1ef042a149dea3d3f82,0x0d958a0623769ed5f5e400dac2f18950a2e736d9015b9fd4c1673828e2a569d3,2025-01-02,2025-01-02 06:58:07.000 UTC,249,24505870,0x827922686190790b37229fd06084350E74485b72,4962083,1194962117171774693993,521016996876686772855,597309438152123786
0xf92e2e0c8a841ac26b7cbdefc27732a4f07c6105,0x36e6792cc7ae1abc6f405d2a74db7c023fbc1e49638b3a1f349959f371ee3ec3,2025-05-17,2025-05-17 06:01:09.000 UTC,138,30336161,0x827922686190790b37229fd06084350E74485b72,13905423,79923737118385071,11966587681030035629094,417487604
0xe7d1fcd08e4b9ade4f885fd945d1019f3170c346,0x3db29e42b307789697a835d6c18208213b9359ab49267a42b84c803537e93708,2025-01-14,2025-01-14 21:09:01.000 UTC,176,25049797,0x827922686190790b37229fd06084350E74485b72,5543211,681315716881720210,625971215,45959892252083893630849
0x1f4d710f4ba62bd2fd17b1ef042a149dea3d3f82,0x5e42e0cc27afadb434e323c05d7f443e9b7c68378a6e8c9465f35f22f87ff973,2025-03-13,2025-03-13 06:16:15.000 UTC,194,27528614,0x827922686190790b37229fd06084350E74485b72,8812296,380153888002170252,0,195113271153241019459106
0xe08c38abbdc260b14870ed4e40b6360e739adfb6,0xb2237ca103fe43391f87ae7f637f23212475a51063656094e32dfd9d63b859e8,2024-12-06,2024-12-06 06:01:23.000 UTC,283,23337768,0x827922686190790b37229fd06084350E74485b72,3553344,312719805799942415,0,499999999999999998763173
0x1f4d710f4ba62bd2fd17b1ef042a149dea3d3f82,0x9878f519ab01c5858e25e2cc87993f4405f03a19688b76f09dc2885d708f4b89,2025-01-02,2025-01-02 06:54:39.000 UTC,227,24505766,0x827922686190790b37229fd06084350E74485b72,4028486,136147837649089773,0,92085784623099879694999
0x9c3ade0b6810b3319d378d3bbc73a804d5b7e064,0x3220ebf9d9ef56f9895777f8281907e8e882e8e1c2299e432588152ec9a1d801,2024-12-12,2024-12-12 04:55:55.000 UTC,215,23595004,0x827922686190790b37229fd06084350E74485b72,3869871,625549297174513953,0,309999999999999999584766
0x5bd24c33e56aadfdb0aa7e0be49e1e2512af96be,0x9cebdd99c6fa3c5d7e5071ea4718e42e0cb2c9eb9602c30a5141bb60eaa4f76a,2025-04-04,2025-04-04 05:48:47.000 UTC,146,28478190,0x03a520b32C04BF3bEEf7BEb72E919cf822Ed34f1,2703231,295766783,224762094,365554
0x80c30c49828b8610241e0e941376394aaf7cb5ee,0x1cd6f2a8bc66edbded630420857a6505a3d51e30d135b9fa5fba64bac721e1c6,2025-01-24,2025-01-24 05:27:41.000 UTC,260,25453557,0x827922686190790b37229fd06084350E74485b72,5968612,141235210631248217,0,64195374098815223428000
0xe7d1fcd08e4b9ade4f885fd945d1019f3170c346,0xf865ad619e938fa60c1082e4e4e2f9e57e0bf3ebebbfb598f0b386c38a9f811a,2025-06-17,2025-06-17 04:59:43.000 UTC,343,31673518,0x46A15B0b27311cedF172AB29E4f4766fbE7F4364,402846,5405111666,0,270451
0x9c3ade0b6810b3319d378d3bbc73a804d5b7e064,0xb4617af9280bfd990098efba369fc971220f8ae1ccc9355e2a43db3853fe291c,2025-07-18,2025-07-18 02:34:15.000 UTC,718,33008354,0x46A15B0b27311cedF172AB29E4f4766fbE7F4364,446902,14582657218,592874,135907
0x9c3ade0b6810b3319d378d3bbc73a804d5b7e064,0x63884ffbb22fa16dddf4243e72cefc1aa632ca489f159960a2b823068e15e006,2025-07-18,2025-07-18 02:50:33.000 UTC,856,33008843,0x827922686190790b37229fd06084350E74485b72,19508365,8490087373464517,460197666,364642694198691465507
0x9c3ade0b6810b3319d378d3bbc73a804d5b7e064,0xddc4aecc1c672fcfc696d96986f28c86a21adec4a5a0d9178e460f64bccc131c,2025-01-14,2025-01-14 21:11:05.000 UTC,210,25049859,0x827922686190790b37229fd06084350E74485b72,5567728,607541559076136517276545,337796786690783340991,20593515761745778405586
0x9c3ade0b6810b3319d378d3bbc73a804d5b7e064,0x48d18cc51fd730c0db609989a1f828188835d968847286da9d7b9f5dcb9fad21,2025-02-05,2025-02-05 04:43:09.000 UTC,203,25970621,0x827922686190790b37229fd06084350E74485b72,6084813,232412939137312347698859,0,226915533724495348690133
0x5bd24c33e56aadfdb0aa7e0be49e1e2512af96be,0x81a778ab90d494fc84d898e3e357dbc55906210218eb47bef467cfb4090dc1c9,2025-01-22,2025-01-22 02:37:59.000 UTC,93,25362066,0x827922686190790b37229fd06084350E74485b72,5963609,1732962376236802559160,261003844836013469,30597417598690769456461
0xd38f4e03cb01685fcfc811f28b90bdcd222120ff,0xba0fb9a1dc2e1cf55d02abc5f4ac09c3d5b517b0fc607b866e1f8178b7642f3a,2025-03-09,2025-03-09 06:16:55.000 UTC,453,27355834,0x827922686190790b37229fd06084350E74485b72,8712466,156165749554668327105617,419385990751221460599,79056063330088415273146
0x5bd24c33e56aadfdb0aa7e0be49e1e2512af96be,0xc6a51b1314cc0f2c056c7c8306f1d2e83f64006e63508a7dce6d571c24a74f02,2025-01-10,2025-01-10 06:49:11.000 UTC,752,24851202,0x827922686190790b37229fd06084350E74485b72,5321453,7718917826564852932032,300213748194175428,2416347711110646980014
0xe08c38abbdc260b14870ed4e40b6360e739adfb6,0x28bec0390fc05d49ab82bcd780be411a42ba41093361c1e0f2acc3408a44b9f0,2024-12-12,2024-12-12 01:34:09.000 UTC,165,23588951,0x827922686190790b37229fd06084350E74485b72,3865195,10626326756464144109294,9498066508551301425844,0
0xf92e2e0c8a841ac26b7cbdefc27732a4f07c6105,0xd790f749e94203d5353a5d2d0c812fa9cd47bae689ee04e741433361126359c7,2025-05-11,2025-05-11 05:45:07.000 UTC,40,30076480,0x827922686190790b37229fd06084350E74485b72,13314450,67299881163292553,119139503,21845579184583538544853
0xe7d1fcd08e4b9ade4f885fd945d1019f3170c346,0x179528a513bd0c047469519324e3ba0506a209d0e042636c0ebf63476fc1fe87,2025-06-02,2025-06-02 06:13:09.000 UTC,43,31027721,0x46A15B0b27311cedF172AB29E4f4766fbE7F4364,393472,6539228764,326512,0
0x80c30c49828b8610241e0e941376394aaf7cb5ee,0xce90ca2c45791142541c0ad5858c668ec97855e2d6f532fe5026b057b590a0f2,2025-01-24,2025-01-24 05:25:27.000 UTC,289,25453490,0x827922686190790b37229fd06084350E74485b72,5968482,4832165862733598832044,0,124312530731033529159874
0x1f4d710f4ba62bd2fd17b1ef042a149dea3d3f82,0x4194542963b19211f0c227a12659d8e582b9ffaeb65579e536e16fbd9f72bf1a,2025-03-10,2025-03-10 19:29:15.000 UTC,98,27422804,0x827922686190790b37229fd06084350E74485b72,8757212,395836736131358491,0,195196739814922789891860
0x5bd24c33e56aadfdb0aa7e0be49e1e2512af96be,0xc66818caf3d099a0b0bdf8d15e6aba911464cb3e5e314d2e0f3acce1e1e86a02,2025-02-13,2025-02-13 04:19:17.000 UTC,336,26315505,0x03a520b32C04BF3bEEf7BEb72E919cf822Ed34f1,2055922,8340003012013,21238841513897580,476779
0x1f4d710f4ba62bd2fd17b1ef042a149dea3d3f82,0x17de2842fd5e7efa6fa075f80c31ae2596fe7b2f99858b46113328d80bea740b,2025-01-14,2025-01-14 20:41:19.000 UTC,145,25048966,0x827922686190790b37229fd06084350E74485b72,5565362,745155117627255112811096,136981329865616398676,31035334647719887315189
0x2173fe72e185696b1ef348e7289594b3a7f4ad2c,0xb934df165921e677537ccf46f75d051082433e612dec7c02d65231577f8b985b,2025-05-17,2025-05-17 05:40:43.000 UTC,73,30335548,0x827922686190790b37229fd06084350E74485b72,13790944,344201152372624316,0,563221357356033780002880
0xd38f4e03cb01685fcfc811f28b90bdcd222120ff,0xb00d6117d26031dd602c60266284db8cc98354894cff7acbec81ca9bfd252065,2025-03-09,2025-03-09 05:22:41.000 UTC,225,27354207,0x03a520b32C04BF3bEEf7BEb72E919cf822Ed34f1,2263222,6660071686871933880541,173005844091766000,169380041125454267559913
0xd38f4e03cb01685fcfc811f28b90bdcd222120ff,0xd6b5d5f7c466c57ffc588957c2d7353c8347fd76aa2cef56ad1f2f24f2905845,2025-05-19,2025-05-19 04:37:05.000 UTC,85,30420039,0x827922686190790b37229fd06084350E74485b72,14061057,217495514655623673372,5794106251632108,384116201468471164416
0x5bd24c33e56aadfdb0aa7e0be49e1e2512af96be,0x7b45ff7dc1c896d52f440a7ea47299f1e1bd5621110e551d91e4da5c66d8fb01,2025-01-24,2025-01-24 03:40:17.000 UTC,216,25450335,0x827922686190790b37229fd06084350E74485b72,5963757,3123111558736313096641,0,49167880931142638657677
0x7f581540938546a343d76a7f40171490de6b7b19,0xcef5404eca5088e60afec7838197953a7ae57db1c544d39c314c2e772e8db19f,2025-05-14,2025-05-14 02:54:21.000 UTC,157,30200957,0x03a520b32C04BF3bEEf7BEb72E919cf822Ed34f1,3004731,3642879579044131423023,0,115486108357524465204752
0xe7d1fcd08e4b9ade4f885fd945d1019f3170c346,0x4304f6e82311da038a24978448940f8d1ae7f605b7674636ce274001e542d16f,2025-01-22,2025-01-22 04:30:03.000 UTC,210,25365428,0x827922686190790b37229fd06084350E74485b72,5965593,25306987752263041235579,965075604861928267,65693697365334314484736
0x9c3ade0b6810b3319d378d3bbc73a804d5b7e064,0x5316298753c5d7cc10004fdc358aa3db92c50d886721dc84c7c1ecc9201cd55e,2025-05-11,2025-05-11 04:09:17.000 UTC,214,30073605,0x03a520b32C04BF3bEEf7BEb72E919cf822Ed34f1,2997438,9826937147329757842918,905891021489475666,51998549194217826722563
0x7f581540938546a343d76a7f40171490de6b7b19,0xd5e4983b004dd84e6cf94f1e086bedfc45df6da370d9c1ae9ceb9b194470f279,2025-05-19,2025-05-19 05:38:25.000 UTC,207,30421879,0x03a520b32C04BF3bEEf7BEb72E919cf822Ed34f1,3044095,18038963734552912865710,412323902881791895,382059773014278199152703
0x1f4d710f4ba62bd2fd17b1ef042a149dea3d3f82,0xa37006559853388161badfad451a02d387cd6b000e3fa2fb4aa9aa8199feaf9e,2025-01-10,2025-01-10 07:35:05.000 UTC,115,24852579,0x827922686190790b37229fd06084350E74485b72,5328140,903506374214178812,2237381062,1583854465376505204875
0x80c30c49828b8610241e0e941376394aaf7cb5ee,0x5887d51365ca62da1119ca1c1f70a618137b45908edca61aa3b807df49c29654,2025-01-19,2025-01-19 22:56:21.000 UTC,293,25269017,0x827922686190790b37229fd06084350E74485b72,5807540,196862837241285002345111,816551099938739488838,80681315362015431477147
0x5bd24c33e56aadfdb0aa7e0be49e1e2512af96be,0xabc036e5202f150185e29bd25eead542119a8d570fd4ca13b1c535ea80855715,2025-03-05,2025-03-05 06:06:17.000 UTC,287,27182715,0x827922686190790b37229fd06084350E74485b72,8459267,2209528261,12413593,359129
0x5bd24c33e56aadfdb0aa7e0be49e1e2512af96be,0xc7970b20e21bdfdd381f22a35e3ee87bf765f6795373709250ed72219b0e272e,2025-01-22,2025-01-22 04:06:03.000 UTC,304,25364708,0x827922686190790b37229fd06084350E74485b72,5963692,10283797136842914,84869101,2358834105898710748826
0x1f4d710f4ba62bd2fd17b1ef042a149dea3d3f82,0x1c7933653d345e3f83fbf16ea6db0748b327d8d9837c0b59bb6357f3d090f372,2025-03-09,2025-03-09 21:16:59.000 UTC,433,27382836,0x827922686190790b37229fd06084350E74485b72,8739874,534679049624332486,0,207782631339464863046729
0x1f4d710f4ba62bd2fd17b1ef042a149dea3d3f82,0xf4697279fc782f73a9cf4bdd8ee3c1e2cf5874e063f6687e3a30d9440eaf4d1a,2025-01-19,2025-01-19 23:23:23.000 UTC,331,25269828,0x827922686190790b37229fd06084350E74485b72,5863052,185454522607926290096541,271896318616527665595,28711490338101849854155
0x1f4d710f4ba62bd2fd17b1ef042a149dea3d3f82,0xffddacab01bbd5b3e360595e64f46308823113a5a8d15f170a911bbea26d756d,2024-12-07,2024-12-07 19:03:53.000 UTC,1120,23404443,0x827922686190790b37229fd06084350E74485b72,3636789,771983630329023170,0,55736849523443612163101
0xd38f4e03cb01685fcfc811f28b90bdcd222120ff,0x363b1740c708fe8b553f27546320fc8eb868a4030fde4d7619dc950fd9795142,2025-05-14,2025-05-14 03:02:07.000 UTC,149,30201190,0x03a520b32C04BF3bEEf7BEb72E919cf822Ed34f1,3023179,3708705191503603015374,257864383608170839,22831631803956945540483
0x1f4d710f4ba62bd2fd17b1ef042a149dea3d3f82,0x0e064e2bada2658b90561c6344c128d039fcf407f357cadc68301d1e6bfcbb02,2025-01-20,2025-01-20 06:06:03.000 UTC,400,25281908,0x827922686190790b37229fd06084350E74485b72,5876667,353704751599754066,1288662448,125750302569907182098690
0x1f4d710f4ba62bd2fd17b1ef042a149dea3d3f82,0x39f48e4d4989db0d4dceb40e4b847629b676bf6db9f7ff75da1eb8ca81710a71,2025-04-04,2025-04-04 05:04:27.000 UTC,291,28476860,0x827922686190790b37229fd06084350E74485b72,9427145,29570057485841748,0,185242719339608557995475
0x5bd24c33e56aadfdb0aa7e0be49e1e2512af96be,0x7f38a7dc54d47e4f458d164abcdb186f0495befd8081df9cc195ecc2438749ba,2024-12-05,2024-12-05 06:39:45.000 UTC,182,23295719,0x827922686190790b37229fd06084350E74485b72,3444319,297150319643529037,12512772971,150508537687467254278078
0x2173fe72e185696b1ef348e7289594b3a7f4ad2c,0xbd93a5d69f062e5cac4c45fe6c3e41b1fd7070fcfbab5c71e4df921c81112e4b,2025-05-15,2025-05-15 22:55:45.000 UTC,83,30280199,0x827922686190790b37229fd06084350E74485b72,13715195,1072405624202225689,0,567171813236634517261336
0x5bd24c33e56aadfdb0aa7e0be49e1e2512af96be,0xa0cb6a65d5c8230718aae72b98fec34981a27f6bca0a6fd33129b72963e34a8a,2025-02-05,2025-02-05 00:31:35.000 UTC,195,25963074,0x03a520b32C04BF3bEEf7BEb72E919cf822Ed34f1,2030010,1497715699696279918556,84372494344777771,41910071841404442810958
0x5bd24c33e56aadfdb0aa7e0be49e1e2512af96be,0x39009fd58d2b48459985ca900ced1fe8671d21b242fe1d9de0c19d3b7d9a01ad,2024-12-02,2024-12-02 01:09:39.000 UTC,258,23156216,0x827922686190790b37229fd06084350E74485b72,3310679,545122722590754276,0,149999999999999999887194
0xe08c38abbdc260b14870ed4e40b6360e739adfb6,0x754e1d941164317417eb9425265e7ea5d70247c56231e1f27ad97f3187f5783e,2024-12-13,2024-12-13 01:58:39.000 UTC,370,23632886,0x827922686190790b37229fd06084350E74485b72,3869083,405460643436946616,5717616789,216968561921503787709106
0x5bd24c33e56aadfdb0aa7e0be49e1e2512af96be,0xe1346c9b3494d7ff70e93ff0e6752b73d62372d304ab5e7776e0db33b017db66,2025-07-15,2025-07-15 23:30:33.000 UTC,44,32916443,0x827922686190790b37229fd06084350E74485b72,19497170,60839067900,1268734,1773344
0x7f581540938546a343d76a7f40171490de6b7b19,0xe1b2a7b11d125188e978a621cab9d67d3c5a060d59b79aa520e5d1122aab5451,2025-05-17,2025-05-17 06:26:57.000 UTC,104,30336935,0x03a520b32C04BF3bEEf7BEb72E919cf822Ed34f1,3044078,15928949458792768901556,174487205652645345,495335375482164192144568
0x1f4d710f4ba62bd2fd17b1ef042a149dea3d3f82,0x53c79ef531a59059679a1adcb403aeb3dcbc7bc8d560a26a575526029601380c,2025-01-17,2025-01-17 21:38:53.000 UTC,344,25180293,0x827922686190790b37229fd06084350E74485b72,5744497,26663487600204190914051,383307623710202596,41649667124130729546278
0x80c30c49828b8610241e0e941376394aaf7cb5ee,0xc296e1d8357df9ac2f4320b4561a8bde93280cfb34368d7a41f2263e4baf20ae,2025-06-17,2025-06-17 05:16:05.000 UTC,1132,31674009,0x03a520b32C04BF3bEEf7BEb72E919cf822Ed34f1,3240023,206095897713013689004,180637750513622045,690334460688148708628
0xe7d1fcd08e4b9ade4f885fd945d1019f3170c346,0xe7566140c55c31c10cd38102e1c69490148ed387935b9d0b30b7b1079b1d3b4d,2024-12-12,2024-12-12 01:12:25.000 UTC,415,23588299,0x827922686190790b37229fd06084350E74485b72,3753320,569828907013318783,6704235539,0
0xd38f4e03cb01685fcfc811f28b90bdcd222120ff,0x0c10c5e1ab7b46c1cc8ef45e93ace1aca0fd7203b1a194e762f03f5da63e70b0,2025-05-21,2025-05-21 06:34:49.000 UTC,63,30509971,0x03a520b32C04BF3bEEf7BEb72E919cf822Ed34f1,3043845,6076513634182149520518,0,178294070744903565330142
0x80c30c49828b8610241e0e941376394aaf7cb5ee,0xf1d00b0a696d6c58c07602d652056a5a3c08342eb92298b488d65b79cab0d027,2025-05-11,2025-05-11 05:08:03.000 UTC,121,30075368,0x827922686190790b37229fd06084350E74485b72,13371578,71330908349538417490620,532074977279914347460,106217391536645809472631
0xe08c38abbdc260b14870ed4e40b6360e739adfb6,0x597ef715273a2d69ca5cf405bce1ee247c9ef1eb6973c57addbdc8202ebbf983,2025-01-03,2025-01-03 07:21:41.000 UTC,283,24549777,0x827922686190790b37229fd06084350E74485b72,5005931,8944131773182305796227,0,21769434528378465363825
0x80c30c49828b8610241e0e941376394aaf7cb5ee,0xc022215bc26e07effc0b9f850421ada18113946bafb1e4e2b339c997048922f7,2025-05-11,2025-05-11 04:59:23.000 UTC,117,30075108,0x827922686190790b37229fd06084350E74485b72,13370861,58182647824538283728,71101895217132939,112906073995699937825
0x5bd24c33e56aadfdb0aa7e0be49e1e2512af96be,0x37f4ccd435a8b8c3705ec0b13edf3e3b09faba77803237a4d74b3e61cecc5d8d,2024-12-07,2024-12-07 06:04:53.000 UTC,129,23381073,0x827922686190790b37229fd06084350E74485b72,3547053,55890946292124129,2655741538,20197999062145789469270
0xe08c38abbdc260b14870ed4e40b6360e739adfb6,0xf0927027224f19b2a59addc4d07755aa0a119394e0c89bf7d71b0bbe5dafa146,2025-02-18,2025-02-18 04:56:11.000 UTC,107,26532612,0x827922686190790b37229fd06084350E74485b72,7513120,2111241579136851,225141193201951678,1030996638
0x1f4d710f4ba62bd2fd17b1ef042a149dea3d3f82,0x01da58b49c45f503767b8bb9fb894d802a0af865effae60968d9f0382e655f2a,2024-12-08,2024-12-08 19:53:27.000 UTC,283,23449130,0x827922686190790b37229fd06084350E74485b72,3682145,405825178005053333,2156968338,260222270518093199098134
0x1f4d710f4ba62bd2fd17b1ef042a149dea3d3f82,0x5b5951d87118aa920320b82890bed0601474fada4f4b4062f3869ff77f26757a,2025-01-20,2025-01-20 06:03:29.000 UTC,324,25281831,0x827922686190790b37229fd06084350E74485b72,5876568,170278060008734420,620378835,138908563023877377771579
0x9c3ade0b6810b3319d378d3bbc73a804d5b7e064,0x6adeace7174ab7192fbf743cabeb9c21c9f44f5fcb37c704430fb4ebba4c4e6c,2025-07-18,2025-07-18 02:33:43.000 UTC,505,33008338,0x46A15B0b27311cedF172AB29E4f4766fbE7F4364,446196,10410059291831030847845,284951521570618701,232287287245461734
0x9c3ade0b6810b3319d378d3bbc73a804d5b7e064,0x9f36ec9d997d9aa95605883ca4260592690dddf2df4e23a93f79391793f0dacd,2025-01-15,2025-01-15 23:18:41.000 UTC,142,25096887,0x827922686190790b37229fd06084350E74485b72,5626416,176762382553948547817092,596232966446293282291,11570334860857894090659
0x5bd24c33e56aadfdb0aa7e0be49e1e2512af96be,0xdf2b5a7f6c137518c7e8f0eb4913fd7dc444733cf13d7f3d19ad992034f0b180,2025-01-24,2025-01-24 04:03:59.000 UTC,267,25451046,0x827922686190790b37229fd06084350E74485b72,6080650,1148851376275947451576,69663653100922263,13642406998185414044247
0x1f4d710f4ba62bd2fd17b1ef042a149dea3d3f82,0x32fce1a6fa889a2ee1e686ce1e65e818699f60391c5c21afe3a57152cfb1923b,2024-12-07,2024-12-07 18:29:43.000 UTC,441,23403418,0x827922686190790b37229fd06084350E74485b72,3612198,133322122061173658,3428476680,1120079583925140976882
0x2173fe72e185696b1ef348e7289594b3a7f4ad2c,0xe6931b81297b53c2e7f202030864e06b14aed49014c26834009e787b228acfc5,2025-05-19,2025-05-19 04:54:15.000 UTC,65,30420554,0x827922686190790b37229fd06084350E74485b72,14089428,284198760718775420,14635072,541051859610845037646066
0xe08c38abbdc260b14870ed4e40b6360e739adfb6,0x7362a4dd6178e2166df6c293c84eb7a9e7b469e96738e49f6fa7dd899115698a,2024-12-12,2024-12-12 00:59:03.000 UTC,295,23587898,0x827922686190790b37229fd06084350E74485b72,3755681,292776095143981910,4694158882,218844243215144180448067
0x1f4d710f4ba62bd2fd17b1ef042a149dea3d3f82,0xb5c9c71e8bdcc2cf808a389de40b8fea180b9c684fd62ab2d6d2a7a2d1bdd46a,2024-12-08,2024-12-08 04:46:01.000 UTC,216,23421907,0x827922686190790b37229fd06084350E74485b72,3650357,645944968764286345,7471727251,540558957724313692069145
0xd38f4e03cb01685fcfc811f28b90bdcd222120ff,0x99b0378ed1e81d4916622b01e688ecd588dc4ca514ebc75c226a912c3468e683,2025-05-17,2025-05-17 05:36:55.000 UTC,138,30335434,0x03a520b32C04BF3bEEf7BEb72E919cf822Ed34f1,3036105,6037166624820808841496,0,175377089682068541448085
0x80c30c49828b8610241e0e941376394aaf7cb5ee,0xf76e7824e64ce93e6eada3da98cb91cfb7f86ced508fea14704a92fea4830aa6,2025-01-22,2025-01-22 04:42:29.000 UTC,282,25365801,0x827922686190790b37229fd06084350E74485b72,5874896,2460403532245833482574,0,124947208237194300330451
0xe08c38abbdc260b14870ed4e40b6360e739adfb6,0x5fc53a122522f0ce5d479d4f6929c51a04c733e2a77d02a5ffa4ff97f7b1d0e3,2024-12-08,2024-12-08 19:39:29.000 UTC,142,23448711,0x827922686190790b37229fd06084350E74485b72,3657842,362747816945061112,6259498856,232833127014670646970096
0x5bd24c33e56aadfdb0aa7e0be49e1e2512af96be,0x5a2f9e092e345e9e4fad39020f4016658c6e50c5296c5d50998b01a00c737621,2025-01-01,2025-01-01 07:37:55.000 UTC,287,24463864,0x827922686190790b37229fd06084350E74485b72,4912788,1384626122193677637489,889165647976042334171,358207118838850620
0x1f4d710f4ba62bd2fd17b1ef042a149dea3d3f82,0x24f0f3b4e2fc30ea52bd73cfee043d9c1d392bf24355e0f1118d2c0da45e9320,2024-12-12,2024-12-12 01:03:29.000 UTC,219,23588031,0x827922686190790b37229fd06084350E74485b72,3760421,715875176343682745,6285203219,0
0xe08c38abbdc260b14870ed4e40b6360e739adfb6,0x803d87a5bd70af8fabd68684148171da77a39940cfdb9ac6cf9283adbc78a32e,2024-12-07,2024-12-07 06:53:23.000 UTC,383,23382528,0x827922686190790b37229fd06084350E74485b72,3599065,356508337876703849,4052776519,462720687096576346914639
0x80c30c49828b8610241e0e941376394aaf7cb5ee,0x18518ccd0bf14ee1d10f0dea3808b4474529043530e0d195744b27009742bb6a,2025-03-07,2025-03-07 05:28:33.000 UTC,374,27267983,0x03a520b32C04BF3bEEf7BEb72E919cf822Ed34f1,2232963,165259800874295841069,320875476559983573,508708842441409265023
0x5bd24c33e56aadfdb0aa7e0be49e1e2512af96be,0xeb1105fc07f8a4fb2110a83fc2924ae87298e37890c73443123b9a3be9c07f0d,2024-12-10,2024-12-10 01:39:35.000 UTC,229,23502714,0x827922686190790b37229fd06084350E74485b72,3753109,108960806460501,325277516949986108,881415
0x2173fe72e185696b1ef348e7289594b3a7f4ad2c,0x284c3551aa8f2772147773e1f13672b9214ec12b1df46f3255596e4d7528ae60,2025-05-21,2025-05-21 06:48:03.000 UTC,85,30510368,0x03a520b32C04BF3bEEf7BEb72E919cf822Ed34f1,3070187,35993694914271513894228,141781569773003793,843871684779425972198204
0x80c30c49828b8610241e0e941376394aaf7cb5ee,0xe095584e89ba2d43bd16c2a81d7b91caad9418cbdb627c4fb3ec9cf158d6ef66,2025-05-11,2025-05-11 05:06:45.000 UTC,58,30075329,0x827922686190790b37229fd06084350E74485b72,13371471,133948495473229682585363,911947358606144688420,89214264798452744017675
0xe08c38abbdc260b14870ed4e40b6360e739adfb6,0x00084a62d1bbb3c84514691e90acdab5820f5f11bcb177d7bce5b47d00217b93,2024-12-17,2024-12-17 02:17:57.000 UTC,362,23806265,0x827922686190790b37229fd06084350E74485b72,4110769,2922323348349060720052,6352756066348694551429,0
0xe7d1fcd08e4b9ade4f885fd945d1019f3170c346,0xc3c3232b681aafe984e1468b775591879e95e3091a39af9e5f7f79a318816656,2025-01-10,2025-01-10 07:40:21.000 UTC,147,24852737,0x827922686190790b37229fd06084350E74485b72,5334384,1171450919470225422122,0,366394587793994014
0x5bd24c33e56aadfdb0aa7e0be49e1e2512af96be,0xb9d8c5862bb0328f3fec81a3166e2c7051bf8ebbac8029f4c4a58282197fb862,2024-12-08,2024-12-08 21:55:41.000 UTC,123,23452797,0x827922686190790b37229fd06084350E74485b72,3685748,1734602929904565,141966263945262834,1611422414
0xe08c38abbdc260b14870ed4e40b6360e739adfb6,0xcc83a417d83ca1736f6e6dd77c822c4e90465f164fee3c25328abc7f760a6a4b,2024-12-15,2024-12-15 03:01:31.000 UTC,290,23721172,0x827922686190790b37229fd06084350E74485b72,3928357,353467377756763270,3910350340,184774106063159910790483
0xf92e2e0c8a841ac26b7cbdefc27732a4f07c6105,0x090bd87fa36f0be358b11367fa13cd2045150729acff2ddf2045785cdc3995b7,2025-07-18,2025-07-18 08:12:35.000 UTC,532,33018504,0x827922686190790b37229fd06084350E74485b72,18059365,62416347897612628,178975449,0
0x9c3ade0b6810b3319d378d3bbc73a804d5b7e064,0x90065fca7d969465513207e34df500f9c5c882bb573579bf86296cd8c80760d2,2025-01-15,2025-01-15 23:50:07.000 UTC,202,25097830,0x03a520b32C04BF3bEEf7BEb72E919cf822Ed34f1,1819254,4160855228928847448784,735715934603912033,6026127692754645864855
0xe7d1fcd08e4b9ade4f885fd945d1019f3170c346,0x5b7e33f1e91f6bbcfca03639ea8e460fe0d1fc82c0dd13b1741fe8241638323a,2024-12-08,2024-12-08 06:27:57.000 UTC,184,23424965,0x827922686190790b37229fd06084350E74485b72,3655335,495200571771095452,5826207185,0
0x7f581540938546a343d76a7f40171490de6b7b19,0xc4282a99b6da1a00c14b5453865eaca9bc35c4a8fefb333486e10c65307fd3f4,2025-06-17,2025-06-17 05:34:41.000 UTC,504,31674567,0x03a520b32C04BF3bEEf7BEb72E919cf822Ed34f1,3165676,100353308028598329315,0,461185863182879320870
0x5bd24c33e56aadfdb0aa7e0be49e1e2512af96be,0x3c285d4fc82019ecd7361253c88fa66ded23f6372dc7c82b08bc2b6973864d94,2024-12-02,2024-12-02 21:22:17.000 UTC,315,23192595,0x827922686190790b37229fd06084350E74485b72,3334435,584646533636115736,0,149999999999999999890311
0x1f4d710f4ba62bd2fd17b1ef042a149dea3d3f82,0x0e366672595d69d18368604a6cc39371ded9d72a10b5d126fe8ab4d38c731279,2025-01-19,2025-01-19 23:24:01.000 UTC,233,25269847,0x827922686190790b37229fd06084350E74485b72,5802579,155965998051614470,238957672,22706357648446422105480
0x5bd24c33e56aadfdb0aa7e0be49e1e2512af96be,0x2cffe5bb815fae5176b81e05ce537c478dc73dc71a9479572c2a391080edecc9,2025-05-20,2025-05-20 05:33:55.000 UTC,181,30464944,0x827922686190790b37229fd06084350E74485b72,13945854,1004455857250690,295211036713459,472182
