sickle_address,user_wallet
0x32fc600dcafd4c978354cc82a40213b643a2f2c6,0x32fc600dcafd4c978354cc82a40213b643a2f2c6
0x3733e412d3131358e31e0057c6eeec3494509ea5,0x3733e412d3131358e31e0057c6eeec3494509ea5
0x470a2e0bf47ec4ac0700f763dab40d07d7988362,0x470a2e0bf47ec4ac0700f763dab40d07d7988362
0xde02ca0c41e1e4c2442d0a9fed60df37811d5195,0xde02ca0c41e1e4c2442d0a9fed60df37811d5195
0x3dca19f452224d00ed4257c80231df265a1b1f35,0x3dca19f452224d00ed4257c80231df265a1b1f35
0x6c8a79d4a51a2ecc26d0599918322c3dcecac2a6,0x6c8a79d4a51a2ecc26d0599918322c3dcecac2a6
0xccf11fb5b0b6729f3a99a5d75224c0dc3dd71d76,0xccf11fb5b0b6729f3a99a5d75224c0dc3dd71d76
0x0fc0ebe63b74c3c90731a3cdae03c9a51b084f36,0x0fc0ebe63b74c3c90731a3cdae03c9a51b084f36
0x543f5b928fc9f6643317a9e6b093b537a4b09bb4,0x543f5b928fc9f6643317a9e6b093b537a4b09bb4
0xc60a2f17867250df53a097f436a35e94d1a2e0c1,0xc60a2f17867250df53a097f436a35e94d1a2e0c1
0x1162d2168955f9c422ded11711c931debe579495,0x1162d2168955f9c422ded11711c931debe579495
0x24597774eb012d8e81578d6d8eeec863140781b4,0x24597774eb012d8e81578d6d8eeec863140781b4
0xe2e61752ef7ed9ab04b61bcc88b918d5264dc259,0xe2e61752ef7ed9ab04b61bcc88b918d5264dc259
0x69f9c88f80ff965f79b0161b1fe33e8b4c935d7e,0x69f9c88f80ff965f79b0161b1fe33e8b4c935d7e
0x3ccfdd92dbe4a95c756a786d68fa74efdf06c79b,0x3ccfdd92dbe4a95c756a786d68fa74efdf06c79b
0x1389077f4670326d61235d7453be278806bc79c2,0x1389077f4670326d61235d7453be278806bc79c2
0xb367f9e6ae26f7bb2913d9a7ec6338f2e0fa64ed,0xb367f9e6ae26f7bb2913d9a7ec6338f2e0fa64ed
0xce93bcfc6aa8550f54b1d1a6d38f40d5c76f4ba3,0xce93bcfc6aa8550f54b1d1a6d38f40d5c76f4ba3
0x05f46a5947d2e99e15a17f1b61198a7a5af4a915,0x05f46a5947d2e99e15a17f1b61198a7a5af4a915
0x1ba7220893b07f0a189d40056212975fb44e47aa,0x1ba7220893b07f0a189d40056212975fb44e47aa
0x5333b0544706b9a901661cc61f0e37e9e1c5d3c6,0x5333b0544706b9a901661cc61f0e37e9e1c5d3c6
0xdb8c009f29f8a376e7ae2fc75d55e8c12f109ab4,0xdb8c009f29f8a376e7ae2fc75d55e8c12f109ab4
0x62cab8e2f15c8ab04c511dd38fa9917c246467e7,0x62cab8e2f15c8ab04c511dd38fa9917c246467e7
0xffda8425780f7f7e886cd47e34f416e9a77a599b,0xffda8425780f7f7e886cd47e34f416e9a77a599b
0x7579c564292f8238259ec57ac85b9421b8c8012d,0x7579c564292f8238259ec57ac85b9421b8c8012d
0x64ae7910744d43a416fcc66ec5ca2bc3dbc9a0c8,0x64ae7910744d43a416fcc66ec5ca2bc3dbc9a0c8
0x63f0ae7ce6a090a211248d8a7b4457bf21b80bb0,0x63f0ae7ce6a090a211248d8a7b4457bf21b80bb0
0x8e54e41bba618c58aaacbebf3397d3add9ee0bc8,0x8e54e41bba618c58aaacbebf3397d3add9ee0bc8
0x87f16c31e32ae543278f5194cf94862f1cb1eee0,0x87f16c31e32ae543278f5194cf94862f1cb1eee0
0x0488a02f51dad7204fd0b354bcb3743a9047ac32,0x0488a02f51dad7204fd0b354bcb3743a9047ac32
0xa1b9ff037afe9e2e17a2d3c5e8917425af929227,0xa1b9ff037afe9e2e17a2d3c5e8917425af929227
0xc19f1004f0650f16cfe1413c123f416dab6dca1a,0xc19f1004f0650f16cfe1413c123f416dab6dca1a
0x765b8b305cf09c3a954ee726e7b66cb96354f43c,0x765b8b305cf09c3a954ee726e7b66cb96354f43c
0x2f0c29f2f8853b7e4f54b75d61f35313aaf8eb5f,0x2f0c29f2f8853b7e4f54b75d61f35313aaf8eb5f
0x16be77ee1134ab44d8985edc9b1f17c72e1a3b48,0x16be77ee1134ab44d8985edc9b1f17c72e1a3b48
0x6d93ab5743ad9fad6ff3c33e3ae60755b8913a08,0x6d93ab5743ad9fad6ff3c33e3ae60755b8913a08
0xb294b5a528cdbbe8868d4612a6bbcfa64c99d2dc,0xb294b5a528cdbbe8868d4612a6bbcfa64c99d2dc
0xf18e22f68cd3ba512b3336bbf43440c20f38f551,0xf18e22f68cd3ba512b3336bbf43440c20f38f551
0xd0c7bd6d4af6996c0774f59add97e6eeb9282456,0xd0c7bd6d4af6996c0774f59add97e6eeb9282456
0xbeef7b55e586db66cbfe0779d8fec6922360c0a1,0xbeef7b55e586db66cbfe0779d8fec6922360c0a1
0xea38ea8fdd2f23ef25f435297e86236b5905f3ee,0xea38ea8fdd2f23ef25f435297e86236b5905f3ee
0xe52ee63ef08d48e0be1e6781be75bdedf1cde15a,0xe52ee63ef08d48e0be1e6781be75bdedf1cde15a
0x0e7de61ae1ff87d6ffbddb7d933d6f646616e091,0x0e7de61ae1ff87d6ffbddb7d933d6f646616e091
0xc4378ba6f6f4df9d55df97923b67df4af67c759d,0xc4378ba6f6f4df9d55df97923b67df4af67c759d
0x3464dc8c95df3b90aefd50c9349d014b35f62bcf,0x3464dc8c95df3b90aefd50c9349d014b35f62bcf
0xcf5e92d46cfe62b3d7779552bd9fd04f55e3d35f,0xcf5e92d46cfe62b3d7779552bd9fd04f55e3d35f
0x7ee9389af85f86da462ac6b7f0ae39566a0e70f4,0x7ee9389af85f86da462ac6b7f0ae39566a0e70f4
0xe135d9f010f5d0ed203e3f3fc47f66e2eced721d,0xe135d9f010f5d0ed203e3f3fc47f66e2eced721d
0x11bcb66a295aeba152666e511ae052609bda0a84,0x11bcb66a295aeba152666e511ae052609bda0a84
0x659b2350884647e9034e41c9018419f0ca20cfe9,0x659b2350884647e9034e41c9018419f0ca20cfe9
0x5cbfce8a39cbe662222bb0e5a6c3989bbe11eeb7,0x5cbfce8a39cbe662222bb0e5a6c3989bbe11eeb7
0xf919cb295eb140bf84205ff6f1489db50c435557,0xf919cb295eb140bf84205ff6f1489db50c435557
0xa6da2a39b004ed0fc40a5374e517defdec299046,0xa6da2a39b004ed0fc40a5374e517defdec299046
0xe7bcb44ecb27bd53d934f11ed95c704e4bdf8e5b,0xe7bcb44ecb27bd53d934f11ed95c704e4bdf8e5b
0xe3b8b0f6716e10b4b13c54ff8aae08a0b02a0ea8,0xe3b8b0f6716e10b4b13c54ff8aae08a0b02a0ea8
0x6195c5c79e8a4fc929722837eded45dc8576e308,0x6195c5c79e8a4fc929722837eded45dc8576e308
0xbfca3ceab5a70c871d57217b5923fbccb95bbb33,0xbfca3ceab5a70c871d57217b5923fbccb95bbb33
0x1dad230f8f156ea39263f89adbc49e8f02297afe,0x1dad230f8f156ea39263f89adbc49e8f02297afe
0x5c9316a69664b9aabcd998d9c4aa793e05a26e37,0x5c9316a69664b9aabcd998d9c4aa793e05a26e37
0xc80e82d427110227bb2caa9ea880c244cb0aa97d,0xc80e82d427110227bb2caa9ea880c244cb0aa97d
0x8cf3358e4464acbc87ae804d7a43ad9986c76dc1,0x8cf3358e4464acbc87ae804d7a43ad9986c76dc1
0xc655b790ff812109c8f6c3f24fd20b3495164a51,0xc655b790ff812109c8f6c3f24fd20b3495164a51
0x47d0d279ffefac13f2f568d2fb60919326635575,0x47d0d279ffefac13f2f568d2fb60919326635575
0x586fc35073c652bdac7d8ec5f04d416dde81f4f5,0x586fc35073c652bdac7d8ec5f04d416dde81f4f5
0xd440c8d121ca5670fb9958158769194c5c209e70,0xd440c8d121ca5670fb9958158769194c5c209e70
0x0c412299db0faaae28445551e04bb2be3259d505,0x0c412299db0faaae28445551e04bb2be3259d505
0xf74f2020ac3d73f2bf5ee0f8bf635475ea881319,0xf74f2020ac3d73f2bf5ee0f8bf635475ea881319
0x613724bdf7acb3f061c512f4e89537729188ccb9,0x613724bdf7acb3f061c512f4e89537729188ccb9
0x661d1534214ca4bba95d6273c4f2c69d8f083926,0x661d1534214ca4bba95d6273c4f2c69d8f083926
0x98cb539e742b8e1371e501bc7730e9b2635e38c5,0x98cb539e742b8e1371e501bc7730e9b2635e38c5
0xffd271f22a1f38653f8469b877abc2f1665c180b,0xffd271f22a1f38653f8469b877abc2f1665c180b
0x44b787adda6f53c962555d0e7cd6f0c1b51552f7,0x44b787adda6f53c962555d0e7cd6f0c1b51552f7
0x8a5e249ba28c6f6492778c8850ce25edd4a2862d,0x8a5e249ba28c6f6492778c8850ce25edd4a2862d
0x8ef399ca27f3f7bd9bacd96b37dbb2dc890a0d50,0x8ef399ca27f3f7bd9bacd96b37dbb2dc890a0d50
0x1c76cbdc5821c85cbc5d6f53d325a0a5ba51ae43,0x1c76cbdc5821c85cbc5d6f53d325a0a5ba51ae43
0x26ba0ebf96b92891a4504b64136335399a75a10b,0x26ba0ebf96b92891a4504b64136335399a75a10b
0x252bb382d4118952fe3b0102106d25df8d28286a,0x252bb382d4118952fe3b0102106d25df8d28286a
0xd1b6a7f92f2974e4adc8046489644ea9f5a1e1b3,0xd1b6a7f92f2974e4adc8046489644ea9f5a1e1b3
0x9d6d0b5fe0c8b7a25c9f4a12d4eacd8f6ca02a0a,0x9d6d0b5fe0c8b7a25c9f4a12d4eacd8f6ca02a0a
0x2086a811182f83a023c4da3dd9d2e5539b2d43c9,0x2086a811182f83a023c4da3dd9d2e5539b2d43c9
0xf471bb64e6fbe2083f7f3a16e77f6a957a3b67d7,0xf471bb64e6fbe2083f7f3a16e77f6a957a3b67d7
0x08a1d63589a52455e90ca1ec01c8d48c54a84ed0,0x08a1d63589a52455e90ca1ec01c8d48c54a84ed0
0xf1181727cab6b9754321b8fc3f40e99c3dad7925,0xf1181727cab6b9754321b8fc3f40e99c3dad7925
0xb5c8ebf701676594abd93da9a16bd5f4759c9982,0xb5c8ebf701676594abd93da9a16bd5f4759c9982
0x7329e11109f699d347c96aa06bb57e73946e14f4,0x7329e11109f699d347c96aa06bb57e73946e14f4
0xb72519e977250ca86ad87681c0fb91bdbe28dd13,0xb72519e977250ca86ad87681c0fb91bdbe28dd13
0x2a4a047bd90ea9ee573b63c3d4201cfa16e7d11d,0x2a4a047bd90ea9ee573b63c3d4201cfa16e7d11d
0x842a4d2434147059033fced3cf635275af1adc00,0x842a4d2434147059033fced3cf635275af1adc00
0xc0d3a8d939d8653f0fd8fe7a0646dd3884293466,0xc0d3a8d939d8653f0fd8fe7a0646dd3884293466
0xd9a4afcf127b5456b716b94c59f3d5445cc014ad,0xd9a4afcf127b5456b716b94c59f3d5445cc014ad
0x7c3d3c9ea0f11b162a4261a849033030b4cd3064,0x7c3d3c9ea0f11b162a4261a849033030b4cd3064
0x28f0003cfd4ffed92ad0aa9de05e7736727c8320,0x28f0003cfd4ffed92ad0aa9de05e7736727c8320
0xc5a9fc4a46bccb6984ebb7504b6db154982dfca3,0xc5a9fc4a46bccb6984ebb7504b6db154982dfca3
0xec4434b98d3f95a2ac64f0cdbd876855b8ccffbb,0xec4434b98d3f95a2ac64f0cdbd876855b8ccffbb
0xbb366dba6a9f2adee1e7356a9613120e70042bc3,0xbb366dba6a9f2adee1e7356a9613120e70042bc3
0xab3e46ccf699094b13be4fafc3288442f3ee79c0,0xab3e46ccf699094b13be4fafc3288442f3ee79c0
0xb0bada5d45d939a03c6d211d24a61a4418d7cd13,0xb0bada5d45d939a03c6d211d24a61a4418d7cd13
0x4539bfb73873f2367dfe87fa6e80b9b98b34ae2a,0x4539bfb73873f2367dfe87fa6e80b9b98b34ae2a
0x6e0f74ce1630529e766f6ce0d6b5d8d655a897bf,0x6e0f74ce1630529e766f6ce0d6b5d8d655a897bf
0xa4a8bbab78caeb55d8b76e381184009d14bad8c7,0xa4a8bbab78caeb55d8b76e381184009d14bad8c7
0xdcf3f7b46e303d64b214aff39799d719c392ac18,0xdcf3f7b46e303d64b214aff39799d719c392ac18
0xab12de9c36dad3d05f2d5f791b31669338c1f055,0xab12de9c36dad3d05f2d5f791b31669338c1f055
0x5e8e79f1d05dff8bfb9ab83fb9ea0c66150e75f5,0x5e8e79f1d05dff8bfb9ab83fb9ea0c66150e75f5
0x5d84cbdccb45889a6bbc9bf61d434ffbae58bc00,0x5d84cbdccb45889a6bbc9bf61d434ffbae58bc00
0x786491094d6d220532c74d9d9eab1547ff4ff14f,0x786491094d6d220532c74d9d9eab1547ff4ff14f
0x9d5e831f7380b28acdfd86d82ec42d605edb7365,0x9d5e831f7380b28acdfd86d82ec42d605edb7365
0xccd95d6e55e89c900c1a98e3ad002194761d6806,0xccd95d6e55e89c900c1a98e3ad002194761d6806
0xe01631933440de108efb20e61de6d659c2d6b45d,0xe01631933440de108efb20e61de6d659c2d6b45d
0x8bbc36cab44ab21a85237f334305fda8cf19645b,0x8bbc36cab44ab21a85237f334305fda8cf19645b
0xae5a3f1544c592f383c773985b4f019a1767a43c,0xae5a3f1544c592f383c773985b4f019a1767a43c
0x30644863b6c7f25c4f74d571ee09293b833b8091,0x30644863b6c7f25c4f74d571ee09293b833b8091
0x6afacb6379fedd64671657be5b5316c1368f88eb,0x6afacb6379fedd64671657be5b5316c1368f88eb
0xd31565daae92c3345f7dd4d550952cc93db30ec2,0xd31565daae92c3345f7dd4d550952cc93db30ec2
0x9a6b85151f9707cfb7de7ff5adc6525e7f8fa379,0x9a6b85151f9707cfb7de7ff5adc6525e7f8fa379
0xe36ca3dc49f0404c3a7b51ae1fcfb7b9cad5e33e,0xe36ca3dc49f0404c3a7b51ae1fcfb7b9cad5e33e
0x5c32344dbb1c43b49a2c6fa62cdc671dea88e4dd,0x5c32344dbb1c43b49a2c6fa62cdc671dea88e4dd
0x652013ec377499f64eae5322f1d925f95f76b82f,0x652013ec377499f64eae5322f1d925f95f76b82f
0x024328d1df0d0efe2744dcf3993134be916780b6,0x024328d1df0d0efe2744dcf3993134be916780b6
0x3db58c10b27baf4ec0118345cc4a2c691bdc62fa,0x3db58c10b27baf4ec0118345cc4a2c691bdc62fa
0x598e362f13539e564d51bbd4f331340412ea5fe4,0x598e362f13539e564d51bbd4f331340412ea5fe4
0xb872b50b1d0d10b1f86b32b16e7b0e5f93548027,0xb872b50b1d0d10b1f86b32b16e7b0e5f93548027
0x951e1195f5b49c09779297012f96b9a759db75e4,0x951e1195f5b49c09779297012f96b9a759db75e4
0xcb84355f39c662ab6fb1482a82cd308dd520d223,0xcb84355f39c662ab6fb1482a82cd308dd520d223
0xbb730c09165b1ac031720e2ef6d6edaa26a1be9d,0xbb730c09165b1ac031720e2ef6d6edaa26a1be9d
0x55ffea4ae75604f9bc635467dc92e964a14da7a4,0x55ffea4ae75604f9bc635467dc92e964a14da7a4
0xe64f43052f17f7e791a38ef070a73312efb625e6,0xe64f43052f17f7e791a38ef070a73312efb625e6
0xbb8fb8fe5198f25d117c0e7b1b9c8260cb19c3c0,0xbb8fb8fe5198f25d117c0e7b1b9c8260cb19c3c0
0x26a92d07ac9215f50171c84e48383350595090a5,0x26a92d07ac9215f50171c84e48383350595090a5
0xa2bed7c921ba3b2d8edf6a8478c876c5de23c1e5,0xa2bed7c921ba3b2d8edf6a8478c876c5de23c1e5
0xf06ad68aec551ca9f2803f534b1e67bc78e3f4e8,0xf06ad68aec551ca9f2803f534b1e67bc78e3f4e8
0xf9f1402783e257b34caf2c977c319c1e6bf9cf14,0xf9f1402783e257b34caf2c977c319c1e6bf9cf14
0xb3d825e35ac94c600105d2b8fc296bdb57b41671,0xb3d825e35ac94c600105d2b8fc296bdb57b41671
0x726ed7ae8e615d00415b51bba80a940c7d61f2a8,0x726ed7ae8e615d00415b51bba80a940c7d61f2a8
0x22295f4989e1cdf51a17438b5225dda27564e1c9,0x22295f4989e1cdf51a17438b5225dda27564e1c9
0xc8ef2e76deae8394a632cd8403ce4b0993fd615a,0xc8ef2e76deae8394a632cd8403ce4b0993fd615a
0x1e80864a2fa72be87d1e36f0e39c6d22aabc4bd2,0x1e80864a2fa72be87d1e36f0e39c6d22aabc4bd2
0x8fc03f2f30b929f15e4d3a770a26b09406d09c56,0x8fc03f2f30b929f15e4d3a770a26b09406d09c56
0xbbbb72a9c3ebfb8d2061713f7a1365e756afb8dc,0xbbbb72a9c3ebfb8d2061713f7a1365e756afb8dc
0x1f864a883ee9135741417ab01f106c47d0965c69,0x1f864a883ee9135741417ab01f106c47d0965c69
0xd4a22c86cbcac289823df4b23833bee93fc880c4,0xd4a22c86cbcac289823df4b23833bee93fc880c4
0xbcd9c0a8c034d14115860812e15c5b9c11f77090,0xbcd9c0a8c034d14115860812e15c5b9c11f77090
0xaba6046c1e30c8e6f736a67ff49a90e7f5bdbbf9,0xaba6046c1e30c8e6f736a67ff49a90e7f5bdbbf9
0x8038d6c5a05741340b58057e959707446d3b39c9,0x8038d6c5a05741340b58057e959707446d3b39c9
0x2eead984cf03757c5cf88930603e766d7768ffe5,0x2eead984cf03757c5cf88930603e766d7768ffe5
0x488be5ded711572f9fb8568f3013e6e907506b6f,0x488be5ded711572f9fb8568f3013e6e907506b6f
0x3f1c68b37522e0771e26d678c82a4c66f83e3589,0x3f1c68b37522e0771e26d678c82a4c66f83e3589
0x3986041fed8c3b7cd04173d7262c0352f11e7b8d,0x3986041fed8c3b7cd04173d7262c0352f11e7b8d
0xd1ff062cddaf2c0dbb117e4c5cd2df33b0e2bf2e,0xd1ff062cddaf2c0dbb117e4c5cd2df33b0e2bf2e
0x21bfa4d9971068c9ff642ae23c858778f3cb33a1,0x21bfa4d9971068c9ff642ae23c858778f3cb33a1
0xc3e5789beec7f018cb983db2a673d603c7168f54,0xc3e5789beec7f018cb983db2a673d603c7168f54
0x38b11aa05546822c252176971cb305d60d382e41,0x38b11aa05546822c252176971cb305d60d382e41
0x5e335d99f2dea4cf55c20e00b3b281ed9c8aeef1,0x5e335d99f2dea4cf55c20e00b3b281ed9c8aeef1
0x97c3006fc57fadde7db2eab5720a0288e7427e71,0x97c3006fc57fadde7db2eab5720a0288e7427e71
0x43e60e5c2f4b9e83ee80ec2243c5e8e864fb262e,0x43e60e5c2f4b9e83ee80ec2243c5e8e864fb262e
0x5f40829fca5cd92316fafbe81f33854066bcd746,0x5f40829fca5cd92316fafbe81f33854066bcd746
0x765eb33144fcaa1ac78475af5208809ab26378b2,0x765eb33144fcaa1ac78475af5208809ab26378b2
0x5cffa6e1f158e5929121c47a036f3ee5fb0cc2fa,0x5cffa6e1f158e5929121c47a036f3ee5fb0cc2fa
0x0dfbdfddc949b2efe32ebddd55a704b40ff18e75,0x0dfbdfddc949b2efe32ebddd55a704b40ff18e75
0x6703c1c427229013648455fca1a5ad40b83dde5f,0x6703c1c427229013648455fca1a5ad40b83dde5f
0x57734769c21b8d8215e9ffe3b6483d9e6c0e4e7a,0x57734769c21b8d8215e9ffe3b6483d9e6c0e4e7a
0xe94ae5197263ebf57287892b35ccf9a4283cbec0,0xe94ae5197263ebf57287892b35ccf9a4283cbec0
0x3e3a8965daa7fa3373df1c59f920bae77abd7ff6,0x3e3a8965daa7fa3373df1c59f920bae77abd7ff6
0x998035506a843d71f26dc81bda36676a16ed6a2a,0x998035506a843d71f26dc81bda36676a16ed6a2a
0xe735a706dff583a1ff534510766dc08b2005de7b,0xe735a706dff583a1ff534510766dc08b2005de7b
0x3e8c91472fc50a8528e448ff501af9bf8c00cceb,0x3e8c91472fc50a8528e448ff501af9bf8c00cceb
0xbe6601207fef463b0434a6b03dc479061af54429,0xbe6601207fef463b0434a6b03dc479061af54429
0xec9ebe950cad79fde4139714283145137ce24aad,0xec9ebe950cad79fde4139714283145137ce24aad
0xdefd5005562e35f8594e407929b143b71876ba3f,0xdefd5005562e35f8594e407929b143b71876ba3f
0x7c5fd47938e413eeeac36ced71f2c3b35097a5e1,0x7c5fd47938e413eeeac36ced71f2c3b35097a5e1
0xe997b5f869a381a33bde074f9abd2660689803dd,0xe997b5f869a381a33bde074f9abd2660689803dd
0x1527525dd11270b4e7d6213925f88dd47e20c3f9,0x1527525dd11270b4e7d6213925f88dd47e20c3f9
0x1827133272d6bf44c4afd7aa8b729c4651cc0d45,0x1827133272d6bf44c4afd7aa8b729c4651cc0d45
0xfb96a84e22c1b8e6de696c7dd13509e68325f6eb,0xfb96a84e22c1b8e6de696c7dd13509e68325f6eb
0x1d025632055883c046ccb001fb750259b77832a7,0x1d025632055883c046ccb001fb750259b77832a7
0x95dbbcf49fc7a2a70f25a05fe2218247b3777a1d,0x95dbbcf49fc7a2a70f25a05fe2218247b3777a1d
0x760a2b14dd2c6ea8d7b6a576f70c88ce61310f0a,0x760a2b14dd2c6ea8d7b6a576f70c88ce61310f0a
0xd5fdaaa6de2a4a6b0189da74f2bc324f24834a64,0xd5fdaaa6de2a4a6b0189da74f2bc324f24834a64
0x9d7313c345deb43e6a05722847ac31ba0e0667ec,0x9d7313c345deb43e6a05722847ac31ba0e0667ec
0x31f62f93ebf399656fce8848c9470a52a3e88889,0x31f62f93ebf399656fce8848c9470a52a3e88889
0x95fe3c0101b4348af50d3989810be0ccb0ddd81e,0x95fe3c0101b4348af50d3989810be0ccb0ddd81e
0xa850cf55300fdd28cc59c795ab800c2d989bd118,0xa850cf55300fdd28cc59c795ab800c2d989bd118
0x6a1bc919e847c12725904965e05971b818b47ad0,0x6a1bc919e847c12725904965e05971b818b47ad0
0x07a83928573807816ffcb0abaf9f4b2cf89b4f26,0x07a83928573807816ffcb0abaf9f4b2cf89b4f26
0xc2c9522e9fbb3f6682ffb361013d9560c2ff6357,0xc2c9522e9fbb3f6682ffb361013d9560c2ff6357
0xdd9fa5e4f31781e073a6afed56666bd82a4df3f5,0xdd9fa5e4f31781e073a6afed56666bd82a4df3f5
0xeb6d2087be588adf70536768419640d8d07db67c,0xeb6d2087be588adf70536768419640d8d07db67c
0xdddbffd749cda3328560dfd8e67d913c8bd65165,0xdddbffd749cda3328560dfd8e67d913c8bd65165
0x86cd09ae3b34a79bfd7bab43c4eabb68bebc396f,0x86cd09ae3b34a79bfd7bab43c4eabb68bebc396f
0x85e29150b3ec52c79438b3a2a2d0801523e55d12,0x85e29150b3ec52c79438b3a2a2d0801523e55d12
0xe1858d4bf78229ad8cf5cfe8d8fdef246dce3564,0xe1858d4bf78229ad8cf5cfe8d8fdef246dce3564
0xb9d24761ebb3e3a88b8cf20e77f56ccf026a2044,0xb9d24761ebb3e3a88b8cf20e77f56ccf026a2044
0x302614feeecad10bc49c1cd62be087bff1155612,0x302614feeecad10bc49c1cd62be087bff1155612
0xc4b6149b297640ce226e9394f426ddc93a66739b,0xc4b6149b297640ce226e9394f426ddc93a66739b
0x9b394fb11c5e5438f05c5fe0f9e938f5b5524ed7,0x9b394fb11c5e5438f05c5fe0f9e938f5b5524ed7
0xae30a874c177114ccb83ef79da59623b2129f1bf,0xae30a874c177114ccb83ef79da59623b2129f1bf
0x6866d77edcb966dff635858243d9476d4d951331,0x6866d77edcb966dff635858243d9476d4d951331
0x456245af91ad3fa93c500c8f7eb1c6a009b9d909,0x456245af91ad3fa93c500c8f7eb1c6a009b9d909
0x8bdc3d9f2b78f9f6fc6f04b0628d795f05320200,0x8bdc3d9f2b78f9f6fc6f04b0628d795f05320200
0x3480b0d7bc424b95711e1c50bc1b9c8c055478d0,0x3480b0d7bc424b95711e1c50bc1b9c8c055478d0
0xbfd5e0d690c5a5f169d2e1adfae6a8e71ca425b3,0xbfd5e0d690c5a5f169d2e1adfae6a8e71ca425b3
0xa8f5326efbe4a31438ceea0e931127c135fec836,0xa8f5326efbe4a31438ceea0e931127c135fec836
0x1ac599bea7a342003c232e9efdb2231d247781f9,0x1ac599bea7a342003c232e9efdb2231d247781f9
0xd249d1f1a366ebe64a03c63a11f035dc97a865b1,0xd249d1f1a366ebe64a03c63a11f035dc97a865b1
0x6995695560b1e9c80d7b17e2bea79e1d571c052c,0x6995695560b1e9c80d7b17e2bea79e1d571c052c
0x7e30169b1471961fa5d1fff8985f75ff0521796e,0x7e30169b1471961fa5d1fff8985f75ff0521796e
0xce7aaad2db89179a5697e9325d2721dc121f8bc8,0xce7aaad2db89179a5697e9325d2721dc121f8bc8
0x246cd990405689f271733eb2e0c08c809b2aaa69,0x246cd990405689f271733eb2e0c08c809b2aaa69
0xeab2cc05e9653972b0ebc6771b2dd9b6716a4409,0xeab2cc05e9653972b0ebc6771b2dd9b6716a4409
0x79acc3627e4e2090a1bd3fe51e10145b6daf49df,0x79acc3627e4e2090a1bd3fe51e10145b6daf49df
0x31ebc314fbcd65ae158d44633e412d09c513070a,0x31ebc314fbcd65ae158d44633e412d09c513070a
0x63063a519fd5cf1958be849838e215bef7b74cfe,0x63063a519fd5cf1958be849838e215bef7b74cfe
0xb6c537082f08d208d3d6021d9ad5dfdacebdaeb1,0xb6c537082f08d208d3d6021d9ad5dfdacebdaeb1
0xea43494be87e88f1245faa6da53748f9c2b1ccbb,0xea43494be87e88f1245faa6da53748f9c2b1ccbb
0x5eb5c951d29429bef771a29b0772aafc16e8faf3,0x5eb5c951d29429bef771a29b0772aafc16e8faf3
0xd10f4d1675e5e5579a537c7ebb498067c801f954,0xd10f4d1675e5e5579a537c7ebb498067c801f954
0x5dea3e7476dbaf72b17ad7b407045e8ef0c13867,0x5dea3e7476dbaf72b17ad7b407045e8ef0c13867
0xa522c186b83c1593821452046bb98a26e13677ba,0xa522c186b83c1593821452046bb98a26e13677ba
0x801457570eda6b6d5f6e93628496d901240bab9c,0x801457570eda6b6d5f6e93628496d901240bab9c
0xbc7bb884274e233c38f8f9ba1d0e0e2bbe96a869,0xbc7bb884274e233c38f8f9ba1d0e0e2bbe96a869
0xd628c79a538452949d0eb0e6dff6834b91055b4b,0xd628c79a538452949d0eb0e6dff6834b91055b4b
0x4c37df21f091310046f456121a4abea64a3526b3,0x4c37df21f091310046f456121a4abea64a3526b3
0x64791852364352eff1504ab0422d2dcda6f69c29,0x64791852364352eff1504ab0422d2dcda6f69c29
0x2412a1d8f5033ab50bfa74148d48ba9d50210d91,0x2412a1d8f5033ab50bfa74148d48ba9d50210d91
0x09f518b1ddd606c9f5f2a8e538831d250bf923e6,0x09f518b1ddd606c9f5f2a8e538831d250bf923e6
0xe1ee753a8ce236517d447075541dbf76c8f0dc6f,0xe1ee753a8ce236517d447075541dbf76c8f0dc6f
0xca564070c1a207600126070996e843337753fd46,0xca564070c1a207600126070996e843337753fd46
0x13dd2704ad3dc4248a0114d053f23661cd57e866,0x13dd2704ad3dc4248a0114d053f23661cd57e866
0x0b3690c9dbba11dd269365f82fcc803070b191b5,0x0b3690c9dbba11dd269365f82fcc803070b191b5
0x98cc606fec40432e24afd56220494976b3f6839f,0x98cc606fec40432e24afd56220494976b3f6839f
0x9cd77917ddb112d8c61b2e3d4b4fd1209a346611,0x9cd77917ddb112d8c61b2e3d4b4fd1209a346611
0x2b6fcfd2dbce7c962de1e615acfefaaea1dfdf94,0x2b6fcfd2dbce7c962de1e615acfefaaea1dfdf94
0x66ef68dae8c5417366311b3e3dc0b426ba16ca13,0x66ef68dae8c5417366311b3e3dc0b426ba16ca13
0x1491cc5fccd965b30e44fa4a09fcd22b58787a99,0x1491cc5fccd965b30e44fa4a09fcd22b58787a99
0xe29945245a74137c4de767e08aa6bac8131d3daa,0xe29945245a74137c4de767e08aa6bac8131d3daa
0x03a06eb6a313eae641c91408f6f7f57cbce55064,0x03a06eb6a313eae641c91408f6f7f57cbce55064
0x5ec7419ed194500ccb0ef2219effc502ecb16778,0x5ec7419ed194500ccb0ef2219effc502ecb16778
0xb46ab3e47e33eaa2232fc504cc8f1a9a2263b0ae,0xb46ab3e47e33eaa2232fc504cc8f1a9a2263b0ae
0x793d76a0e9e074b6b310ceb9cdc663115b92c005,0x793d76a0e9e074b6b310ceb9cdc663115b92c005
0xa27561e7ede4fe7a58ceef13d60394e23f0707ce,0xa27561e7ede4fe7a58ceef13d60394e23f0707ce
0x5122f5154df20e5f29df53e633ce1ac5b6623558,0xff16fd3d147220e6cc002a8e4a1f942ac41dbd23
0x03d9964f4d93a24b58c0fc3a8df3474b59ba8557,0x03d9964f4d93a24b58c0fc3a8df3474b59ba8557
0x6ce38410537b3ded8bf51ce91efb7e895fa01364,0x6ce38410537b3ded8bf51ce91efb7e895fa01364
0x722793fdcc5c2edd7eea1a5d15c7f5b68a6de53c,0x722793fdcc5c2edd7eea1a5d15c7f5b68a6de53c
0x059d8f258aadf6d90cbc9c8502bd06aad71b12db,0x059d8f258aadf6d90cbc9c8502bd06aad71b12db
0x1ad688665b38d1124243073399961d948fef5936,0x1ad688665b38d1124243073399961d948fef5936
0x0008d343091ef8bd3efa730f6aae5a26a285c7a2,0x0008d343091ef8bd3efa730f6aae5a26a285c7a2
0xe5bbb65ccacef3587cffbb9a76a7d01b20cec0f3,0xe5bbb65ccacef3587cffbb9a76a7d01b20cec0f3
0xcfa81b3277f94a6e6c194951f5e05c9d6a98a3d5,0xcfa81b3277f94a6e6c194951f5e05c9d6a98a3d5
0x370650f2da20e4634c2fcbc6628fea2100a5626e,0x370650f2da20e4634c2fcbc6628fea2100a5626e
0xb906abd579163a411e58874811c2e272cb343888,0xb906abd579163a411e58874811c2e272cb343888
0xa111ef7bb1d6b43801116e456b8c9237c81f7292,0xa111ef7bb1d6b43801116e456b8c9237c81f7292
0x434b4c012d626f2a7bf021c4e5a6c67154455948,0x434b4c012d626f2a7bf021c4e5a6c67154455948
0xab13ffa926d62186cd3f1984c110a055872c014c,0xab13ffa926d62186cd3f1984c110a055872c014c
0xed614101b426ed1b178905530a017e7a442e3ce0,0xed614101b426ed1b178905530a017e7a442e3ce0
0xc0ca33f8622ef0557d22b4448c4bdac9aa377e24,0xc0ca33f8622ef0557d22b4448c4bdac9aa377e24
0x721108f9781f1c5a6ff6b2ac9fe3468c715c7ed4,0x721108f9781f1c5a6ff6b2ac9fe3468c715c7ed4
0x25d910650d66dbefa5d7f4db0c483df8c4f33e13,0x25d910650d66dbefa5d7f4db0c483df8c4f33e13
0x40eeac11db40ca62b82762cb66d0f8106c1da57a,0x40eeac11db40ca62b82762cb66d0f8106c1da57a
0x2e6030aa48190de724d51e85ff48119a9470c492,0x2e6030aa48190de724d51e85ff48119a9470c492
0x397a7467384b5c0861cbf2d94f9c29ad8cba08ca,0x397a7467384b5c0861cbf2d94f9c29ad8cba08ca
0x3ef394ca65e61f90719f5484fbebe9f82b6ebba1,0x3ef394ca65e61f90719f5484fbebe9f82b6ebba1
0xa19cc72d1c2ff55e075116cae48ef1e9d7e1f899,0xa19cc72d1c2ff55e075116cae48ef1e9d7e1f899
0x2e8d0cc9ab070d1336188c907b565565f9c03bb5,0x2e8d0cc9ab070d1336188c907b565565f9c03bb5
0x6889a0f8309ff64df897f87562210487fb096e25,0x6889a0f8309ff64df897f87562210487fb096e25
0x5d3209c0c59769f852e59e5cd0dcecbc93f30a5b,0x5d3209c0c59769f852e59e5cd0dcecbc93f30a5b
0x2923eee74abcc2c5dbd4da89cfc1f684884da50e,0x2923eee74abcc2c5dbd4da89cfc1f684884da50e
0x4582ffa6d73dae71a60c16ce7b7424b65e880276,0x4582ffa6d73dae71a60c16ce7b7424b65e880276
0x337ab2c4e48b8b65da792c22665282184f9e5aa8,0x337ab2c4e48b8b65da792c22665282184f9e5aa8
0x0532d92460155f44bdff38b7bf4edc367e3a96db,0x0532d92460155f44bdff38b7bf4edc367e3a96db
0x7a84c2b941adcb172bf7e3792e751fda6479a71b,0x7a84c2b941adcb172bf7e3792e751fda6479a71b
0xc638fc731ffd77b17c486f5ae4a85d40ad9db4fc,0xc638fc731ffd77b17c486f5ae4a85d40ad9db4fc
0xe7dd7bdfeb0a303124e317383da62ea57a67dded,0xe7dd7bdfeb0a303124e317383da62ea57a67dded
0x72c850145e7b9e9bdb08bff1c576f9bc02f52a49,0x72c850145e7b9e9bdb08bff1c576f9bc02f52a49
0x5e3436890f0402b345ccb3711b1f9de901e196dd,0x5e3436890f0402b345ccb3711b1f9de901e196dd
0xc238c7206f9992655aed1cf00e7b8412da817aae,0xc238c7206f9992655aed1cf00e7b8412da817aae
0xb4acc7b48b0b4ed2ce6420e924c76ba5666f923b,0xb4acc7b48b0b4ed2ce6420e924c76ba5666f923b
0x0d4b4179f2a0693c5188b5287d2413ead84715a4,0x0d4b4179f2a0693c5188b5287d2413ead84715a4
0x65aa974188816a41042bb4b0cb89be6423707f40,0x65aa974188816a41042bb4b0cb89be6423707f40
0x413a61ac72a5476648742ffc3134735708c16225,0x413a61ac72a5476648742ffc3134735708c16225
0x67162ead6dccd23314d10000b0c18dc84e73fa37,0x67162ead6dccd23314d10000b0c18dc84e73fa37
0x9bc4c2737ef6813aa8378095e07a8aa175bc0c73,0x9bc4c2737ef6813aa8378095e07a8aa175bc0c73
0xa2f98d88bc7f8d299fc85d366f96244696fef1b2,0xa2f98d88bc7f8d299fc85d366f96244696fef1b2
0x054502a75c0fc3b0e899e70e4d7e3b97e22bc003,0x054502a75c0fc3b0e899e70e4d7e3b97e22bc003
0xd9e0b04e8dd5f296fc1ed4c37bf4ded30066b0f4,0xd9e0b04e8dd5f296fc1ed4c37bf4ded30066b0f4
0x2572223f5df9b5889e99554152e91e32c8e8a03b,0x2572223f5df9b5889e99554152e91e32c8e8a03b
0x2cf551919ee43292e99f1758ae4357254fac63b7,0x2cf551919ee43292e99f1758ae4357254fac63b7
0xf8259b5b46156be41f0e88cd725e897ea65f2349,0xf8259b5b46156be41f0e88cd725e897ea65f2349
0xe933938672bcab81d16f5e18d10ab2ad5892dab5,0xe933938672bcab81d16f5e18d10ab2ad5892dab5
0x82ddeedc3fed36b418a4a49e1f1f7cb87429269b,0x82ddeedc3fed36b418a4a49e1f1f7cb87429269b
0x430d7dc3f859a460e66b711367c2506814094466,0x430d7dc3f859a460e66b711367c2506814094466
0xaeea14fe904c4072e40d682acff339bfba9c4a75,0xaeea14fe904c4072e40d682acff339bfba9c4a75
0x253b4dfde0e1679562410e181a7b366cbbe16fd6,0x253b4dfde0e1679562410e181a7b366cbbe16fd6
0x739e33a281ea88613e9cbadf8fa73b7f2f3c04a6,0x739e33a281ea88613e9cbadf8fa73b7f2f3c04a6
0xa5d886803acf78c61605940b026ec71e14f777d4,0xa5d886803acf78c61605940b026ec71e14f777d4
0x2c7fb10b8cf82d1ea7288eef1433e80936c35ee2,0x2c7fb10b8cf82d1ea7288eef1433e80936c35ee2
0xdcc86836e0fe044f964f93ca7fee55d91ebae692,0xdcc86836e0fe044f964f93ca7fee55d91ebae692
0x34fe5ef7d26ec5e33c757c1c4eee15ad3ca4706f,0x34fe5ef7d26ec5e33c757c1c4eee15ad3ca4706f
0x2671d41d6f0263be65e0a81d381ecdb98feb7759,0x2671d41d6f0263be65e0a81d381ecdb98feb7759
0x461a50e050a2043d743e82ffc98803fdb9b7570c,0x461a50e050a2043d743e82ffc98803fdb9b7570c
0xb776c2ebf508b94c3b5125793b891b83accfa7af,0xb776c2ebf508b94c3b5125793b891b83accfa7af
0x5a569ede5fd88cec458245b6d9a3d93834d1eb59,0x5a569ede5fd88cec458245b6d9a3d93834d1eb59
0x000000e28faa823d5b53ff6c2922c28335840375,0x000000e28faa823d5b53ff6c2922c28335840375
0xa95a96085c090ec5cd6cb5acb1b7077317e01773,0xa95a96085c090ec5cd6cb5acb1b7077317e01773
0x7684f4c666be0825ecd64eed0d596e157b2127a5,0x7684f4c666be0825ecd64eed0d596e157b2127a5
0x4ff1b1da27527d386f8ba236ab46628a2d35c6fd,0x4ff1b1da27527d386f8ba236ab46628a2d35c6fd
0x05d41274057a0ed09e4b65f8ba8fe3d452932925,0x05d41274057a0ed09e4b65f8ba8fe3d452932925
0x89e99f88715b4620aecf415c5ac1b2dd7629e279,0x89e99f88715b4620aecf415c5ac1b2dd7629e279
0x7b64bddd6fc83815f9e7efb02cfd644ec04c3cb4,0x7b64bddd6fc83815f9e7efb02cfd644ec04c3cb4
0x78ccd7c1b1ddcc29f3a12d85504a9bd496b8be09,0x78ccd7c1b1ddcc29f3a12d85504a9bd496b8be09
0xa2c90eae2c35bb5eb86a98ad1993b5d5fb388ff1,0xa2c90eae2c35bb5eb86a98ad1993b5d5fb388ff1
0x77a231e96214c30471c7f6cabb0be84cdfabbeda,0x77a231e96214c30471c7f6cabb0be84cdfabbeda
0xe5e4f1181fe912cd210a0cb24fe11a4588b06514,0xe5e4f1181fe912cd210a0cb24fe11a4588b06514
0x49c1f1bccaa11cc70d610b264419f3a053e96ac2,0x49c1f1bccaa11cc70d610b264419f3a053e96ac2
0x6e8e2ba50361b8dd7eca3a8cb35a0efe2c5bce61,0x6e8e2ba50361b8dd7eca3a8cb35a0efe2c5bce61
0x9066bdf84ef9527c993020c0d331e4ba38915204,0x9066bdf84ef9527c993020c0d331e4ba38915204
0xf4788ff714729f15a233233241806217a3b4eb54,0xf4788ff714729f15a233233241806217a3b4eb54
0xd1c74dcd34fbfe777784d75c1107d7701612be9f,0xd1c74dcd34fbfe777784d75c1107d7701612be9f
0x9868806a2ab1fbd58deda1a22c0f7c2b1babc8b7,0x9868806a2ab1fbd58deda1a22c0f7c2b1babc8b7
0x5ce37ffb5370ef47d11d386bae00c1185f278517,0x5ce37ffb5370ef47d11d386bae00c1185f278517
0x559c5ba8f3cc40be82caafb33725b690c6520481,0x559c5ba8f3cc40be82caafb33725b690c6520481
0xc35b10eff96e8d89fcc4ba25ccb41ee830803aca,0xc35b10eff96e8d89fcc4ba25ccb41ee830803aca
0x5ace64072c3b943d5901137543798cf2c6871b09,0x5ace64072c3b943d5901137543798cf2c6871b09
0x9551eec2a31025d582be358e05d88a9c95cad86e,0x9551eec2a31025d582be358e05d88a9c95cad86e
0x7a4118c35131adfb1223cb45387e4eb93b0eda1c,0x7a4118c35131adfb1223cb45387e4eb93b0eda1c
0x14b6bd9019e8559e9683c4079385236f87ec150b,0x14b6bd9019e8559e9683c4079385236f87ec150b
0x55b97739e3283b00a827f4235498348fd7bb8ae1,0x55b97739e3283b00a827f4235498348fd7bb8ae1
0xfc93233ac03580efedda4f31c173fec58cdd7aec,0xfc93233ac03580efedda4f31c173fec58cdd7aec
0x5c703f5131bb3268e0dc32913a3c0994eda215fe,0x5c703f5131bb3268e0dc32913a3c0994eda215fe
0x696869a5e870d753912558594e6c89ef261bf64d,0x696869a5e870d753912558594e6c89ef261bf64d
0x86872bf79c77cc9f4244d70ede7a8a7a69a6864e,0x86872bf79c77cc9f4244d70ede7a8a7a69a6864e
0x24c78baab940925e0d0646d223dc49bb76a19451,0x24c78baab940925e0d0646d223dc49bb76a19451
0xbdf05f6c2c45eb25b6b5de5ed5376c4fcdf50084,0xbdf05f6c2c45eb25b6b5de5ed5376c4fcdf50084
0x0384a2a8497920cd6764aceded2067383154937d,0x0384a2a8497920cd6764aceded2067383154937d
0x226fa898550ef48313d359d90f69914018a89f73,0x226fa898550ef48313d359d90f69914018a89f73
0x089a6c8bf072232246d0b5c6ee8f18cfada0aaf6,0x089a6c8bf072232246d0b5c6ee8f18cfada0aaf6
0x7d591a4540b7192dab3a163f3b34f31156950890,0x7d591a4540b7192dab3a163f3b34f31156950890
0x13fe5a8de64c10540ef840913c5d539ef54f2295,0x13fe5a8de64c10540ef840913c5d539ef54f2295
0xfdc54e8e4395b8a5a7a55da875d708151c798b61,0xfdc54e8e4395b8a5a7a55da875d708151c798b61
0x25c20c8b33f0ebeff80b9f00dc894a855caed7e5,0x25c20c8b33f0ebeff80b9f00dc894a855caed7e5
0x30fc9f2a2382f10d314e2f00d12aecbb88139751,0x30fc9f2a2382f10d314e2f00d12aecbb88139751
0x7dd53708a9949865edd68349dc8fc326416143a9,0x7dd53708a9949865edd68349dc8fc326416143a9
0xf5a384cff507814af92f8821fa81912ffbae5d3c,0xf5a384cff507814af92f8821fa81912ffbae5d3c
0x32de01fbfaa03a262ee943ad975a87e6690ca93c,0x32de01fbfaa03a262ee943ad975a87e6690ca93c
0x057187022469a727a8030d63cfb919d9273878d9,0x057187022469a727a8030d63cfb919d9273878d9
0x61014f542559616923041bc9a275796768211c91,0x61014f542559616923041bc9a275796768211c91
0x8bd5b8607ddc21826ddab6d90163a100ee4bc008,0x8bd5b8607ddc21826ddab6d90163a100ee4bc008
0xad789eb3042dde224cbbcacf0b57399de0807502,0xad789eb3042dde224cbbcacf0b57399de0807502
0x7a37616d7b43ab1b39ded526b57c9216be7e4444,0x7a37616d7b43ab1b39ded526b57c9216be7e4444
0xf618933708bed689cfe5271a097b348bb1cc419c,0xf618933708bed689cfe5271a097b348bb1cc419c
0x5faf276f6e3e0b10213f8a04bd6c872f8752949b,0x5faf276f6e3e0b10213f8a04bd6c872f8752949b
0xa1cf4ba69aaef07c17123c11dd7bd864abdbe16c,0xa1cf4ba69aaef07c17123c11dd7bd864abdbe16c
0x59fed6719014f939373919e30bfec582cf4d2e00,0x59fed6719014f939373919e30bfec582cf4d2e00
0x887e8b6119b38c60cb03cab204c0a704c6e0a473,0x887e8b6119b38c60cb03cab204c0a704c6e0a473
0xc60144c12d913ba2548613381ed02513f04d4b71,0xc60144c12d913ba2548613381ed02513f04d4b71
0x552e4c2088752513ca1087bc0c3610fd3e6f15f3,0x552e4c2088752513ca1087bc0c3610fd3e6f15f3
0xe513f0b4ca2f2d72ce6a8401467c715875f57dea,0xe513f0b4ca2f2d72ce6a8401467c715875f57dea
0x17aaf8376715874d83d605ef2b9c2302bcfc6f67,0x17aaf8376715874d83d605ef2b9c2302bcfc6f67
0xbbace7a6c84cdb2175e50601cc1f496c2efb4f7c,0xbbace7a6c84cdb2175e50601cc1f496c2efb4f7c
0x07453a3466cf06b31cdfe6c38dac55711f580ab9,0x07453a3466cf06b31cdfe6c38dac55711f580ab9
0xa0eaca85aa33c97d76000f559e8a84b8536bfe3c,0xa0eaca85aa33c97d76000f559e8a84b8536bfe3c
0xf03722193c6c358b8dddfba41f6fb5d9d79dc042,0xf03722193c6c358b8dddfba41f6fb5d9d79dc042
0xc48a2a5df4ca7dea5085e4ccde961d50b507e044,0xc48a2a5df4ca7dea5085e4ccde961d50b507e044
0x843007a4030111947078711e113ef838cc757a4b,0x843007a4030111947078711e113ef838cc757a4b
0xebe2df6a4d8857b70c89c936b419e327503c8c31,0xebe2df6a4d8857b70c89c936b419e327503c8c31
0x5db12118e8a2f566c6de2e6589c5d44549953063,0x5db12118e8a2f566c6de2e6589c5d44549953063
0x1069a62957648c177276c13f051391c10e3b7464,0x1069a62957648c177276c13f051391c10e3b7464
0xbd3722f0a4b9699e46b93dcfdd101c4c7ca06cd7,0xbd3722f0a4b9699e46b93dcfdd101c4c7ca06cd7
0x3741eabccb03965c07ce3fa599e5602cc7857743,0x3741eabccb03965c07ce3fa599e5602cc7857743
0x93087da4cb0040682c06037089298e068879938a,0x93087da4cb0040682c06037089298e068879938a
0x79d21989fc49b2c7bf8ae84c7fdab486e2a1f4d1,0x79d21989fc49b2c7bf8ae84c7fdab486e2a1f4d1
0x0bf58f6ba5a919665ec0a2448757ddad35c38212,0x0bf58f6ba5a919665ec0a2448757ddad35c38212
0xfcaa926075139b336b9f83211d19a75324d87372,0xfcaa926075139b336b9f83211d19a75324d87372
0x22b16e3f18f0a99c184baae92b6d3536c0e323f0,0x22b16e3f18f0a99c184baae92b6d3536c0e323f0
0x3fa1aabfe56e56f614745f95f9551aec85e8ed77,0x3fa1aabfe56e56f614745f95f9551aec85e8ed77
0xc0dff303ceddc3098960801e0725129489fdd456,0xc0dff303ceddc3098960801e0725129489fdd456
0x82c9776686c2f73c5bc9fa760218e6590494ad52,0x82c9776686c2f73c5bc9fa760218e6590494ad52
0x1f276bacd42edf693ed2f7b9df7f8dfff9c19299,0x1f276bacd42edf693ed2f7b9df7f8dfff9c19299
0x6996b45792afe0b9449e74f719e8fcd9d2e4a78f,0x6996b45792afe0b9449e74f719e8fcd9d2e4a78f
0x4a799d77a71b01ba3fec62aee56322816d3d208b,0x4a799d77a71b01ba3fec62aee56322816d3d208b
0x99147a1a1cd6540b965f36f459d51cdbf7a5f7c7,0x99147a1a1cd6540b965f36f459d51cdbf7a5f7c7
0xc00667d8b00f35b3565a5c4458dff1cd718e3527,0xc00667d8b00f35b3565a5c4458dff1cd718e3527
0xe7decb62ff7ad4da1a3e6d1ab587869e69829829,0xe7decb62ff7ad4da1a3e6d1ab587869e69829829
0x4df9a3610def1107a215538a1da6b8eaebfbce2b,0x4df9a3610def1107a215538a1da6b8eaebfbce2b
0x0d94af6294eda7c82554b9ea5c93439380036fff,0x0d94af6294eda7c82554b9ea5c93439380036fff
0x68b96f5cdb2e31eb1ffb1230895f251db7394f6f,0x68b96f5cdb2e31eb1ffb1230895f251db7394f6f
0x05631891643a2e9dd5cc44293f14caa4b4cd98b2,0x05631891643a2e9dd5cc44293f14caa4b4cd98b2
0x30b248563c4a36c7bf97aa7f2f87de153bfd2e49,0x30b248563c4a36c7bf97aa7f2f87de153bfd2e49
0x895a258cf950d5b0b8538115b6906770fb82b0df,0x895a258cf950d5b0b8538115b6906770fb82b0df
0x0fd931a4df94a7d7922a363a19673a7e4d5a5bff,0x0fd931a4df94a7d7922a363a19673a7e4d5a5bff
0x62fa1525fa43621c0a72f39bded0759063f297a1,0x62fa1525fa43621c0a72f39bded0759063f297a1
0x236aee003c33e5c4b9428b110f00b9a06815ed29,0x236aee003c33e5c4b9428b110f00b9a06815ed29
0xdae86890864f157e5860569d7551a6a9ebc8b9b7,0xdae86890864f157e5860569d7551a6a9ebc8b9b7
0xf9055abf19d6613cf996ea2f21fc79bcfec379fb,0xf9055abf19d6613cf996ea2f21fc79bcfec379fb
0x5368721aa92c7f67c1b962cad1033308458793a1,0x5368721aa92c7f67c1b962cad1033308458793a1
0xb6bddb73588dc0dcc1e3f1b668b2008669e33465,0xb6bddb73588dc0dcc1e3f1b668b2008669e33465
0x6a770b3198d997d4731987f0480868c6f6a9a587,0x6a770b3198d997d4731987f0480868c6f6a9a587
0xc8cfc51634964d5ab49c5066a1e6232af53ca006,0xc8cfc51634964d5ab49c5066a1e6232af53ca006
0xddd48602b53b70fbf160373ab4c29ca9c2367f99,0xddd48602b53b70fbf160373ab4c29ca9c2367f99
0x430c3cfcf2a466927f556b6aff57e2f278fc1755,0x430c3cfcf2a466927f556b6aff57e2f278fc1755
0xa6c019d755e33f114df880cc6461dbb4c0b7902d,0xa6c019d755e33f114df880cc6461dbb4c0b7902d
0x7009f661d8d60c62aa8b26e4af4642caa420edad,0x7009f661d8d60c62aa8b26e4af4642caa420edad
0x0616ba63e300db20c760a3a5edbab3f2cc32cba4,0x0616ba63e300db20c760a3a5edbab3f2cc32cba4
0x73fa7ffcdb98361528fad3503f7a7d8434e8bf6f,0x73fa7ffcdb98361528fad3503f7a7d8434e8bf6f
0x223044e4b1f4c2ce277e0f20d22f7d4a746e8652,0x223044e4b1f4c2ce277e0f20d22f7d4a746e8652
0xebafcd358d91393251bb9016487e0b6c58e86098,0xebafcd358d91393251bb9016487e0b6c58e86098
0x40f313cd10b7eac1651a66b90010bd4fa6cf4ddc,0x40f313cd10b7eac1651a66b90010bd4fa6cf4ddc
0x3eeda72ac504da4f334e87ca64e825cd3f76eec3,0x3eeda72ac504da4f334e87ca64e825cd3f76eec3
0x7de431d96068b48eb5a4e142ec3da6b251b7f2b6,0x7de431d96068b48eb5a4e142ec3da6b251b7f2b6
0x3d56de91f46c9a5e33f98a92cddb22118c770720,0x3d56de91f46c9a5e33f98a92cddb22118c770720
0x98fbe5f1f8b768fd236b4498f96977d51cbf3e49,0x98fbe5f1f8b768fd236b4498f96977d51cbf3e49
0xe4ac5adc7708d5503f837fb88b62139386cadded,0xe4ac5adc7708d5503f837fb88b62139386cadded
0x754a287389617d7696aab130a5be20cb9cc0f800,0x754a287389617d7696aab130a5be20cb9cc0f800
0x7a8233734772c243ab06a80b7dde481ed4553657,0x7a8233734772c243ab06a80b7dde481ed4553657
0xc9466cc89be3cc3be7eb05bbc329ee58edc0fd15,0xc9466cc89be3cc3be7eb05bbc329ee58edc0fd15
0x21648e9ffb09048868e1b6be2b5ea6b2748f4ce3,0x21648e9ffb09048868e1b6be2b5ea6b2748f4ce3
0x424e9cc4c00ad160c3f36b5471514a6c36a8d73e,0x424e9cc4c00ad160c3f36b5471514a6c36a8d73e
0x756455357076c58510f2ec0cf29117f151e7ab9e,0x756455357076c58510f2ec0cf29117f151e7ab9e
0x256dff6f79cc15e1d10629742189c41cf00bfd4f,0x256dff6f79cc15e1d10629742189c41cf00bfd4f
0xc2d5aed09bc1944726dc1389e1658e28e38e6e89,0xc2d5aed09bc1944726dc1389e1658e28e38e6e89
0xe0c4aaaf9d82d7c24f6fe4e45ad397cbe1942af3,0xe0c4aaaf9d82d7c24f6fe4e45ad397cbe1942af3
0x6b527634cac0cf419c8fccfd54e2ff7691d47a98,0x6b527634cac0cf419c8fccfd54e2ff7691d47a98
0x9b8c55e8f77618013fba3aca621e128593d8b96d,0x9b8c55e8f77618013fba3aca621e128593d8b96d
0x2c931a1bee5e7c7e228e0c31457c235fdccd040a,0x2c931a1bee5e7c7e228e0c31457c235fdccd040a
0x37aa2a55f13d1807678139a801351f5d0fd2e27c,0x37aa2a55f13d1807678139a801351f5d0fd2e27c
0x0a7fcb938b2c9ab0449b567bb689ad054fe269f3,0x0a7fcb938b2c9ab0449b567bb689ad054fe269f3
0xb9f092312bc4e2215c5a61a2910a40063335eb0c,0xb9f092312bc4e2215c5a61a2910a40063335eb0c
0x247663f819df087070c21e70b4918a1a3b978af1,0x247663f819df087070c21e70b4918a1a3b978af1
0xe66ecfc46be4904c1a44aa6dc719b9e3fbb8ac2b,0xe66ecfc46be4904c1a44aa6dc719b9e3fbb8ac2b
0xbd174623dc2128e21a61acc88678f6040d456df3,0xbd174623dc2128e21a61acc88678f6040d456df3
0x627a31884127a8587917e54d607a458f6b227017,0x627a31884127a8587917e54d607a458f6b227017
0x01836c0300c1cf4dea1a329c9b603146991b7a42,0x01836c0300c1cf4dea1a329c9b603146991b7a42
0x4fb83c9f0eda1f23e56f3e8a7a8c73d250d155bb,0x4fb83c9f0eda1f23e56f3e8a7a8c73d250d155bb
0x0fbc21d7fb044f5bf996f963cfa1c8ab95069c11,0x0fbc21d7fb044f5bf996f963cfa1c8ab95069c11
0x4fcf2fc19217aba3127c53dcab56fa4141dab2bf,0x4fcf2fc19217aba3127c53dcab56fa4141dab2bf
0x6d7a48dd19d85a3075068c2f57602d28d0a610b9,0x6d7a48dd19d85a3075068c2f57602d28d0a610b9
0xbaf0ce711b3947eecbf19f556ff0c0400c03cebc,0xbaf0ce711b3947eecbf19f556ff0c0400c03cebc
0x27de180153225550cc23fcbde2a7d20918a1cecb,0x27de180153225550cc23fcbde2a7d20918a1cecb
0x53f2736fae551c998d4e72e519f1acf474264de4,0x53f2736fae551c998d4e72e519f1acf474264de4
0xbdf385ff612cb1b1c7772c2a8bb4485323dab90c,0xbdf385ff612cb1b1c7772c2a8bb4485323dab90c
0x9fc7e1880f0aaaa10955557f9a18eccc86bea8ab,0x9fc7e1880f0aaaa10955557f9a18eccc86bea8ab
0x24c3449a7157501e8c6e55c2e9818e00b3aec1bd,0x24c3449a7157501e8c6e55c2e9818e00b3aec1bd
0x51036a953a03663707b1f9e59ce8c00471472225,0x51036a953a03663707b1f9e59ce8c00471472225
0x04c08f8df7222101a5342166c3a778dda4e9ae10,0x04c08f8df7222101a5342166c3a778dda4e9ae10
0x3b0589f62923f969f5549af06aa238a658fb1fbe,0x3b0589f62923f969f5549af06aa238a658fb1fbe
0x8dcac18996dc58b5eebfdc5d0a7b22e0b951a4b7,0x8dcac18996dc58b5eebfdc5d0a7b22e0b951a4b7
0x02879301931712b1bb6661dc1c358d21df68b062,0x02879301931712b1bb6661dc1c358d21df68b062
0x77000363a1993b2bda1356d7fb0e0c04cd9cf3ae,0x77000363a1993b2bda1356d7fb0e0c04cd9cf3ae
0x196c9448378953893a9d63df9b2b5a7217e29f27,0x196c9448378953893a9d63df9b2b5a7217e29f27
0xdc07d1fe254aa889e75e7214ae336208f8a1659d,0xdc07d1fe254aa889e75e7214ae336208f8a1659d
0x985b67bc9368866c7a79f427611baeed6896ecf9,0x985b67bc9368866c7a79f427611baeed6896ecf9
0x2130fd01026867a6c8dde24ad5e64f2e2dfce196,0x2130fd01026867a6c8dde24ad5e64f2e2dfce196
0xccc67e218078a87ee867f41847ad95cb5ee20406,0xccc67e218078a87ee867f41847ad95cb5ee20406
0x94253ab9b95a2c58be93f8fc89019a075500fc2c,0x94253ab9b95a2c58be93f8fc89019a075500fc2c
0xb7c116cabe58181aedb3895564af408736cf5229,0xb7c116cabe58181aedb3895564af408736cf5229
0xf3ed28d0fb3ee755c38798d832a3495f4dc7ae94,0xf3ed28d0fb3ee755c38798d832a3495f4dc7ae94
0x80ac36cdad794118af8672b0a52946249751d01a,0x80ac36cdad794118af8672b0a52946249751d01a
0x2f2fd29ca72d0550fd7c52c4a711dce4fa731eba,0x2f2fd29ca72d0550fd7c52c4a711dce4fa731eba
0x210d8ac07b8b0a0e9a7e2f8bb2466c1035224d20,0x210d8ac07b8b0a0e9a7e2f8bb2466c1035224d20
0x44c271e4ac3ebb14b446d157fedba315c45e4e1a,0x44c271e4ac3ebb14b446d157fedba315c45e4e1a
0xc249e06dd13e77a924795730adecaa36161be6ab,0xc249e06dd13e77a924795730adecaa36161be6ab
0xb5222ce859ca0e4359e9f798a66f8f1a0d1099e3,0xb5222ce859ca0e4359e9f798a66f8f1a0d1099e3
0xb0952e85fa316f1a51b1a8c57991e54c5d8022e6,0xb0952e85fa316f1a51b1a8c57991e54c5d8022e6
0xe0b1a0de45ec2b2d711cbe4a51a7148bac0b7aa4,0xe0b1a0de45ec2b2d711cbe4a51a7148bac0b7aa4
0x35110c281eda1572ef231940836933c90ea5965d,0x35110c281eda1572ef231940836933c90ea5965d
0x946034cf8f20734455591441c4000dfa225ae600,0x946034cf8f20734455591441c4000dfa225ae600
0x9cff3fb441609e74729476eee3de7e1f78cf4292,0x9cff3fb441609e74729476eee3de7e1f78cf4292
0x67d60b559ca74a82edbce9ebf35d7231ec80e3e7,0x67d60b559ca74a82edbce9ebf35d7231ec80e3e7
0xa7be4987a0280465aa6879bef071cbbeec7a4ad7,0xa7be4987a0280465aa6879bef071cbbeec7a4ad7
0x0ccb58bdbe1113afa9d13757558b98856d485f21,0x0ccb58bdbe1113afa9d13757558b98856d485f21
0xf835925589ac11df66690b3aa343de649f38cd83,0xf835925589ac11df66690b3aa343de649f38cd83
0xdcecf933e4d4b39450f9068792ff2015a530ef0e,0xdcecf933e4d4b39450f9068792ff2015a530ef0e
0x0d72f21eb70d4cad761216c56298c74f66378a5a,0x0d72f21eb70d4cad761216c56298c74f66378a5a
0xa382b43b8fc43588d0a267921b92a230a5bf4334,0xa382b43b8fc43588d0a267921b92a230a5bf4334
0x3aa7f877e0850de8b5678438a5439bf4b17c14c6,0x3aa7f877e0850de8b5678438a5439bf4b17c14c6
0x51454f9134dac754414b7b6b1689d7093f6f0456,0x51454f9134dac754414b7b6b1689d7093f6f0456
0x5e900e27bc83e2109de6e135df3c2625fc88c524,0x5e900e27bc83e2109de6e135df3c2625fc88c524
0x28e886b5f68f76e468e8052bf2c6348ea2e3fe73,0x28e886b5f68f76e468e8052bf2c6348ea2e3fe73
0x5aad875d6a514d03c071b52568e34c688e4a2fb7,0x5aad875d6a514d03c071b52568e34c688e4a2fb7
0x6ad985c2f6707d65f253b9491733ff5242af1381,0x6ad985c2f6707d65f253b9491733ff5242af1381
0xe5845761e7773976055f2559ca54be41f09d9e88,0xe5845761e7773976055f2559ca54be41f09d9e88
0x947966599abcae6752286151a75b8096c7e81c56,0x947966599abcae6752286151a75b8096c7e81c56
0x30506f64ea0fe3ac91ac1d5ddc7d2ff841ddc0c4,0x30506f64ea0fe3ac91ac1d5ddc7d2ff841ddc0c4
0xf3c312d77d1ffb2efaa084d492d9764aaa4f9a48,0xf3c312d77d1ffb2efaa084d492d9764aaa4f9a48
0xfbefb1a97a52d2af28ce207c58238dd4eaf29252,0xfbefb1a97a52d2af28ce207c58238dd4eaf29252
0x0b7c75a9689a84854256c7d5db7c87feb1bbbb8b,0x0b7c75a9689a84854256c7d5db7c87feb1bbbb8b
0x1188bc55c6bc64a149e646a1689937abd74b2f07,0x1188bc55c6bc64a149e646a1689937abd74b2f07
0x1cf8da0110f4cb8924aa4eba7ef3a04430897c05,0x1cf8da0110f4cb8924aa4eba7ef3a04430897c05
0x39620fb462cd8a5e72d05a20b706b4e1fca673d9,0x39620fb462cd8a5e72d05a20b706b4e1fca673d9
0xf5d8de2398d53955c1f6f16597ffbe861c8e3bdf,0xf5d8de2398d53955c1f6f16597ffbe861c8e3bdf
0xdd49cac74e70bacc4815f7d125bba53c0292fe31,0xdd49cac74e70bacc4815f7d125bba53c0292fe31
0x94aa7971ed476a7acc1cee6ccacb88012898221e,0x94aa7971ed476a7acc1cee6ccacb88012898221e
0x1acb1140e001c82be0833e436eb70db92f4d2657,0x1acb1140e001c82be0833e436eb70db92f4d2657
0xbe8deec6dfc9441487d18e28fb2d4f72f5be5f5a,0xbe8deec6dfc9441487d18e28fb2d4f72f5be5f5a
0xd96d4a8cc480fb2041b7c5d3f268b9e24036bc44,0xd96d4a8cc480fb2041b7c5d3f268b9e24036bc44
0x259e22dbf883bac151e463921eb440bd4c46d5a9,0x259e22dbf883bac151e463921eb440bd4c46d5a9
0x0f5450e62e5e5924ed1926a1880b5e893b044402,0x0f5450e62e5e5924ed1926a1880b5e893b044402
0x2e6d73a9adb23c19c17fa1ce3c8f77f14ec674af,0x2e6d73a9adb23c19c17fa1ce3c8f77f14ec674af
0x154b4661a08eaffc746bdf7451a17ee50ee904cf,0x154b4661a08eaffc746bdf7451a17ee50ee904cf
0x20288a9e10dda1f3816b3b86f1770ac729d4010c,0x20288a9e10dda1f3816b3b86f1770ac729d4010c
0x34ffb2ad8e7135cc4ff7334b201b851bbd00e408,0x34ffb2ad8e7135cc4ff7334b201b851bbd00e408
0xd7d005840e80926e6bfea9467ed811a56bd8a0d1,0xd7d005840e80926e6bfea9467ed811a56bd8a0d1
0x749c901e0f42deee63de98a3acb2a333a789aa60,0x749c901e0f42deee63de98a3acb2a333a789aa60
0x918ea40816cf75fa7b987bdecac07327b9a42d3a,0x918ea40816cf75fa7b987bdecac07327b9a42d3a
0x4018ad2cb7b7acd8146015e72fd2d274917df9f5,0x4018ad2cb7b7acd8146015e72fd2d274917df9f5
0x738c5349c011e1dbb1766771cbf0b9bfd5c9639d,0x738c5349c011e1dbb1766771cbf0b9bfd5c9639d
0x475021e2cbfe925beafb63084646eaa8ffe195e7,0x475021e2cbfe925beafb63084646eaa8ffe195e7
0x029d81c43b7d73a7c70812c617b0d097d9fea60b,0x029d81c43b7d73a7c70812c617b0d097d9fea60b
0x12b4fcf877a4416c5630e2de4f340be6357e00db,0x12b4fcf877a4416c5630e2de4f340be6357e00db
0xc8b9eb477fab800c93b580dde9e80c27373cd881,0xc8b9eb477fab800c93b580dde9e80c27373cd881
0xca28d61e3c3962813a0c2261479e71584d022d60,0xca28d61e3c3962813a0c2261479e71584d022d60
0x7254e99f65bef14247a5795fcb99d16d11acc286,0x7254e99f65bef14247a5795fcb99d16d11acc286
0xbffc5d5f95db32dc4c49572eae3b9156fab64c9d,0xbffc5d5f95db32dc4c49572eae3b9156fab64c9d
0x6b9aff512910a5cbf2647a43b2ecece692104c52,0x6b9aff512910a5cbf2647a43b2ecece692104c52
0x2efdbbbc54b87197a27747ec5d8483a596378efc,0x2efdbbbc54b87197a27747ec5d8483a596378efc
0x85909dd6eedf9cbd3d51fb5f90ea91a1c9b9c017,0x85909dd6eedf9cbd3d51fb5f90ea91a1c9b9c017
0x5e193c92546350622bd46916a829ebb53ab3d405,0x5e193c92546350622bd46916a829ebb53ab3d405
0x281f367c7e43ef9e91bad201b36f62cb668aa4ec,0x281f367c7e43ef9e91bad201b36f62cb668aa4ec
0x2ed1cbcffde13f7455e333ebf856e57ecbae069f,0x2ed1cbcffde13f7455e333ebf856e57ecbae069f
0x7fc15320ae50f2f4a19a6959d83f9bc8cb46b290,0x7fc15320ae50f2f4a19a6959d83f9bc8cb46b290
0xab5526514d62df8fb58e72fb6a6e89698856c354,0xab5526514d62df8fb58e72fb6a6e89698856c354
0x5a559cd76a16e33fda33c4e3b6c9e2ad5e4edb45,0x5a559cd76a16e33fda33c4e3b6c9e2ad5e4edb45
0xbed72f7f91fa13c0602ec5cfb68fafd244bf6c45,0xbed72f7f91fa13c0602ec5cfb68fafd244bf6c45
0x3a737edd13337349474d038e2775a244f7e64edf,0x3a737edd13337349474d038e2775a244f7e64edf
0xacfe324d8dd911fa3d846e9512e8a060c056d426,0xacfe324d8dd911fa3d846e9512e8a060c056d426
0x4c6dc86a3489377b7f9b43b7e29d048e03803b25,0x4c6dc86a3489377b7f9b43b7e29d048e03803b25
0xbe4835212f90946623d5a31638a89c44d75e0c19,0xbe4835212f90946623d5a31638a89c44d75e0c19
0xcb3b84b72587e4d47276feaca326ad813348d5e4,0xcb3b84b72587e4d47276feaca326ad813348d5e4
0x04f18671294a085bd0e0febbd71070adc7ba3696,0x04f18671294a085bd0e0febbd71070adc7ba3696
0xddc60d163015cf5ca1369d557a2ca1cc2de1f1e3,0xddc60d163015cf5ca1369d557a2ca1cc2de1f1e3
0x1caf4fffc6dbb5a198e4bb0c1d461c366f10926c,0x1caf4fffc6dbb5a198e4bb0c1d461c366f10926c
0x856e6ac984da6e4fe79ce3e1ab2a7235e313c534,0x856e6ac984da6e4fe79ce3e1ab2a7235e313c534
0xaf80c18a02bcbd56852533851ffbb42cb1c248fc,0xaf80c18a02bcbd56852533851ffbb42cb1c248fc
0x781481637567ed957933c22d1ac8906cada435b7,0x781481637567ed957933c22d1ac8906cada435b7
0xe76b59e01fa1ce38e260cff57f70204ed15102ca,0xe76b59e01fa1ce38e260cff57f70204ed15102ca
0x80c61445a756266363c4813dbaeb2aa875d7597e,0x80c61445a756266363c4813dbaeb2aa875d7597e
0xea9912dc0bf43b6dd5bfe17a4e916d84c143f18c,0xea9912dc0bf43b6dd5bfe17a4e916d84c143f18c
0x6b61b957201ba22f2be09f8dfe34b7e4f46b44f3,0x6b61b957201ba22f2be09f8dfe34b7e4f46b44f3
0x2c798c3d47e230dd5d1bb7d5c64f4d55f3845f35,0x2c798c3d47e230dd5d1bb7d5c64f4d55f3845f35
0xb72c8bf1ca1714753ab376b53000db917964dc28,0xb72c8bf1ca1714753ab376b53000db917964dc28
0x6bb8e8141a56d6f397276246cb48a1d36700731e,0x6bb8e8141a56d6f397276246cb48a1d36700731e
0xdeb373f008d46ffbe0b46b8afe1073fa35bba55f,0xdeb373f008d46ffbe0b46b8afe1073fa35bba55f
0x70a99c4127620129d0ca30827e0fc9b75ec2891b,0x70a99c4127620129d0ca30827e0fc9b75ec2891b
0x3b671584fa4f901d3f719ef8cbfff86a232b2ffb,0x3b671584fa4f901d3f719ef8cbfff86a232b2ffb
0x1fbdf9f8532f31e66ead9f705ee2f0114903dc9f,0x1fbdf9f8532f31e66ead9f705ee2f0114903dc9f
0xeaa27a846477fea5a3bc60072735b378f3ad0058,0xeaa27a846477fea5a3bc60072735b378f3ad0058
0x97e52e11055585fa6aae14d68097b494aa4e34c1,0x97e52e11055585fa6aae14d68097b494aa4e34c1
0x88d5a4a1d956a9b30448f6e44a05caa3eab63a5b,0x88d5a4a1d956a9b30448f6e44a05caa3eab63a5b
0x271398798773aca1717675c6a5fbe026b6c807db,0x271398798773aca1717675c6a5fbe026b6c807db
0x0bd6a7aacefedad8faa3f9ecb1f006a0cd2eb29d,0x0bd6a7aacefedad8faa3f9ecb1f006a0cd2eb29d
0xfc3cdfd5631050ff4281ce26a7131c04c47ddd51,0xfc3cdfd5631050ff4281ce26a7131c04c47ddd51
0x0d94b72ca52efd483e93128c8e760789e35f7017,0x0d94b72ca52efd483e93128c8e760789e35f7017
0x4f896936d19c1ce49c2aae01a2154a45abb12f52,0x4f896936d19c1ce49c2aae01a2154a45abb12f52
0x0238b9bb23af9221488ac4d8c0bda0e08e9d130d,0x0238b9bb23af9221488ac4d8c0bda0e08e9d130d
0x35346499c45594e78790b5cf3082d072fe5b7ddd,0x35346499c45594e78790b5cf3082d072fe5b7ddd
0xc410e197bc957183616ca4c6b32771dce938c096,0xc410e197bc957183616ca4c6b32771dce938c096
0x764ef1cda89af77c4458ea1b70fc65c48f3f7954,0x764ef1cda89af77c4458ea1b70fc65c48f3f7954
0x7c140feaed770fa0803e986e480ce3a4b6b4f13c,0x7c140feaed770fa0803e986e480ce3a4b6b4f13c
0x43f0deec97359888ff773699d3f0183446de7026,0x43f0deec97359888ff773699d3f0183446de7026
0xced732ca92cb4f040239c4e8c85f14acbb5db000,0xced732ca92cb4f040239c4e8c85f14acbb5db000
0x005c93d07f898ad7ed74ca753eb0b295f7a5ef1c,0x005c93d07f898ad7ed74ca753eb0b295f7a5ef1c
0x9c40a54e56e6e2c397659d83eaacb7126fea8908,0x9c40a54e56e6e2c397659d83eaacb7126fea8908
0x4e51a06e4643197e1be2f050b6af60f9ad3cef06,0x4e51a06e4643197e1be2f050b6af60f9ad3cef06
0x68ae62884c23a2f410044ba8733e9b76c1720a0d,0x68ae62884c23a2f410044ba8733e9b76c1720a0d
0x4347f75b3bfbef46fd106df287572a6b389b4c58,0x4347f75b3bfbef46fd106df287572a6b389b4c58
0x52b0ca214d215c8a133cff982da745d265eb21e2,0x52b0ca214d215c8a133cff982da745d265eb21e2
0x3e3415737fcc0bb5de2ef0c2cc3e90a1b881a2b8,0x3e3415737fcc0bb5de2ef0c2cc3e90a1b881a2b8
0x41a6ac7f4e4dbffeb934f95f1db58b68c76dc4df,0x41a6ac7f4e4dbffeb934f95f1db58b68c76dc4df
0xa819170f31a1a1c9013d60b5674070be35aa317a,0xa819170f31a1a1c9013d60b5674070be35aa317a
0x3300131d908072d04825d959491b6ec74182908b,0x3300131d908072d04825d959491b6ec74182908b
0x1e775a1d32ba6e56a62fec900bdc5e11e0e78547,0x1e775a1d32ba6e56a62fec900bdc5e11e0e78547
0x6586185c2b16e620db0ab02e7fca0c66dee7c9ea,0x6586185c2b16e620db0ab02e7fca0c66dee7c9ea
0xf57737f0afe73d516d4e8ca1dbd10f1c53eff751,0xf57737f0afe73d516d4e8ca1dbd10f1c53eff751
0x62500df60073e22c5ff833ae855f7922bb4c0a88,0x62500df60073e22c5ff833ae855f7922bb4c0a88
0xe09773bcde620f53b4ee0e392915a8827269e0a7,0xe09773bcde620f53b4ee0e392915a8827269e0a7
0xb384895ade5afcb5142254d292381955f433336c,0xb384895ade5afcb5142254d292381955f433336c
0xbc2553c44a4be05b86396b6532ed305eedf6d1bf,0xbc2553c44a4be05b86396b6532ed305eedf6d1bf
0x26bd1a2d21d1d0f796067e751bd9145bd3bd40d3,0x26bd1a2d21d1d0f796067e751bd9145bd3bd40d3
0xb6e156fc4c8b19ac1ac4151396f9f47f12255c2a,0xb6e156fc4c8b19ac1ac4151396f9f47f12255c2a
0x141da4c7471d5c8c835826c530ddd5f9e2c82b95,0x141da4c7471d5c8c835826c530ddd5f9e2c82b95
0xe954ede825d551251eeec8a7aa22b1cf2ebec849,0xe954ede825d551251eeec8a7aa22b1cf2ebec849
0xa93afe23548b994df70874943051a9f21b310339,0xa93afe23548b994df70874943051a9f21b310339
0x97a092fb61d0c086371e3d4868c23c2da96fe8dc,0x97a092fb61d0c086371e3d4868c23c2da96fe8dc
0x2de0dba469740225c88c15fcabb8369f48761d82,0x2de0dba469740225c88c15fcabb8369f48761d82
0xe3846863823a23795c0195eb421a7eb7d0740eef,0xe3846863823a23795c0195eb421a7eb7d0740eef
0x6db0aabb0a44cb2b77f5cef2e82f25113035a32d,0x6db0aabb0a44cb2b77f5cef2e82f25113035a32d
0xf1f3e9a2f596c930eb0efb58cc5f6956eba16f7e,0xf1f3e9a2f596c930eb0efb58cc5f6956eba16f7e
0x8a58d13b6ee15a941e602db633234fa6864c07fe,0x8a58d13b6ee15a941e602db633234fa6864c07fe
0xb6a83f27b9eca3811439c7b863321e0dad26ae58,0xb6a83f27b9eca3811439c7b863321e0dad26ae58
0x755cdf2c74b043c31fe4436d4b76d5a53b083a54,0x755cdf2c74b043c31fe4436d4b76d5a53b083a54
0xe45f57a52461ac8c406452af8bdbb5b3a1e54f57,0xe45f57a52461ac8c406452af8bdbb5b3a1e54f57
0x9f5c001ab89fb035bbc7002c838f837bb2874c69,0x9f5c001ab89fb035bbc7002c838f837bb2874c69
0xff165fa1adad6bbbeea724ce5d68524b2d297530,0xff165fa1adad6bbbeea724ce5d68524b2d297530
0xde7dcfb1bc3edb0b8b423ac30b685a2dbbcbb407,0xde7dcfb1bc3edb0b8b423ac30b685a2dbbcbb407
0x4d5d468ddc90e09ad21033ed938f5e047dfb63de,0x4d5d468ddc90e09ad21033ed938f5e047dfb63de
0x161cf4e3bdfccf3aec8bbc2d19e18428b7035427,0x161cf4e3bdfccf3aec8bbc2d19e18428b7035427
0x40168584a5ca8e720bdc8a462dbea15d9a1d854e,0x40168584a5ca8e720bdc8a462dbea15d9a1d854e
0x2658d3e04edad65dc7b3fb25f8a2fb2ab826df3e,0x2658d3e04edad65dc7b3fb25f8a2fb2ab826df3e
0x63bc33368c22fd87187e1117c8f1a27a2df99f63,0x63bc33368c22fd87187e1117c8f1a27a2df99f63
0xbb2bba7202c5c85ac9d1f0942d867ec2be3a303e,0xbb2bba7202c5c85ac9d1f0942d867ec2be3a303e
0xb7e08feb64788df321f242d94fa1c09d176a2743,0xb7e08feb64788df321f242d94fa1c09d176a2743
0x5fa1b9be7ca117af2bf6d5c8728ad47b994a9804,0x5fa1b9be7ca117af2bf6d5c8728ad47b994a9804
0xdc1bd14536329a3813bce8dcc96243f0a58c9230,0xdc1bd14536329a3813bce8dcc96243f0a58c9230
0xee054cc931f2d38ad508c055f5872e7de59a9416,0xee054cc931f2d38ad508c055f5872e7de59a9416
0xdefbd5218ffa6b9e3efa0e2d03898f7eaadfc8fc,0xdefbd5218ffa6b9e3efa0e2d03898f7eaadfc8fc
0x1a1235c25e5d6dc07556e7647819127c5d0f51e3,0x1a1235c25e5d6dc07556e7647819127c5d0f51e3
0x6563fadf95240c24905f8e651fb75309884e82bd,0x6563fadf95240c24905f8e651fb75309884e82bd
0x3b959ce8b8ff18a6f02307730d0588606f5e9fa9,0x3b959ce8b8ff18a6f02307730d0588606f5e9fa9
0x387b6d79c1522de6a0642a4a786a2787e6d6f17e,0x387b6d79c1522de6a0642a4a786a2787e6d6f17e
0xaf60233c208334fb199139f3ceb3e4ad3a30ae6e,0xaf60233c208334fb199139f3ceb3e4ad3a30ae6e
0x9b39e1caa7a768f5d50640eaee2d0346ca88343c,0x9b39e1caa7a768f5d50640eaee2d0346ca88343c
0x2661d821450a21662fc7ec309606d91faae4b904,0x2661d821450a21662fc7ec309606d91faae4b904
0x402904e954aebee2e78b7b09595393cf05571333,0x402904e954aebee2e78b7b09595393cf05571333
0xc7a7eb9349ce5dc3adb73a00aff980df3bb4f0de,0xc7a7eb9349ce5dc3adb73a00aff980df3bb4f0de
0xc5a10d4bcef0843ed1dc3a8b40d80805abecc2f6,0xc5a10d4bcef0843ed1dc3a8b40d80805abecc2f6
0x6daa7de3eacee94c4765c878a7aa734fca06b1ad,0x6daa7de3eacee94c4765c878a7aa734fca06b1ad
0xd27ac8abb3ae20e4acca64187459603e47f986ba,0xd27ac8abb3ae20e4acca64187459603e47f986ba
0x09871296644d4eb6336f782b4783e1426a6f8f8d,0x09871296644d4eb6336f782b4783e1426a6f8f8d
0xd75ab5d7b1f65eefc8b6a08edf08e6ffbb014408,0xd75ab5d7b1f65eefc8b6a08edf08e6ffbb014408
0x1724a43204353cf950be65f57d9a15787f2e747a,0x1724a43204353cf950be65f57d9a15787f2e747a
0x95542e32648676935efe0ec7921002dff91412fb,0x95542e32648676935efe0ec7921002dff91412fb
0xa626b50233f1157ce74060a8affc0855c1868466,0xa626b50233f1157ce74060a8affc0855c1868466
0x5c40ffe3229c91ab7901a3611f8e877e42e80420,0x5c40ffe3229c91ab7901a3611f8e877e42e80420
0xa21449455c8d62d6623cfe11aeaafbf12e59da5c,0xa21449455c8d62d6623cfe11aeaafbf12e59da5c
0x5113e792816311741f9a8a803953405f2dffeade,0x5113e792816311741f9a8a803953405f2dffeade
0xcbbba7aa6dd3ebcc2530230fd03074723fd3cb18,0xcbbba7aa6dd3ebcc2530230fd03074723fd3cb18
0xe5a25cba6d7a96ddd79b7187c186b607881c3034,0xe5a25cba6d7a96ddd79b7187c186b607881c3034
0xa325853f58affb9810b1e0144f119741b5ca4b5a,0xa325853f58affb9810b1e0144f119741b5ca4b5a
0xbb15bbfa1357303c6837ffb6c88035af678bd40a,0xbb15bbfa1357303c6837ffb6c88035af678bd40a
0xd962bade2d719e98e4f6b1b8603d364a56c89047,0xd962bade2d719e98e4f6b1b8603d364a56c89047
0x4b09566fb52a825c3e418330fef8d6423c643d22,0x4b09566fb52a825c3e418330fef8d6423c643d22
0xf7ee7098b6315112ed36794e79b266cd30d71795,0xf7ee7098b6315112ed36794e79b266cd30d71795
0x2d91070814189084cb2fb8a75e6c9616f7b785af,0x2d91070814189084cb2fb8a75e6c9616f7b785af
0xce573deed72d6ff9897a86fa39478fd6c05cfc9d,0xce573deed72d6ff9897a86fa39478fd6c05cfc9d
0xb48894f4318a310a3bc6e96bfa77307e8aa6196e,0xb48894f4318a310a3bc6e96bfa77307e8aa6196e
0x0dd045c968a235a7b2eef28b4018114d243bfead,0x0dd045c968a235a7b2eef28b4018114d243bfead
0x724d37177b079e597951f6933a506b5c81ce505b,0x724d37177b079e597951f6933a506b5c81ce505b
0x06c3fff4bcc991a931a2eaccfed0c289641aefcf,0x06c3fff4bcc991a931a2eaccfed0c289641aefcf
0x4337003fcd2f56de3977ccb806383e9161628d0e,0x4337003fcd2f56de3977ccb806383e9161628d0e
0xad3a1660e2f87e68963ad629e9543cb9cb4f0ca8,0xad3a1660e2f87e68963ad629e9543cb9cb4f0ca8
0xaed348ee46a676b8d5bf88d3ee32072117c0d8a7,0xaed348ee46a676b8d5bf88d3ee32072117c0d8a7
0x11855eaff01eb0a3fa3d976df65948e2e3e40302,0x11855eaff01eb0a3fa3d976df65948e2e3e40302
0xf17668ff22c63e63475d5f7dbdf7585d51e52c76,0xf17668ff22c63e63475d5f7dbdf7585d51e52c76
0x0be8b961cbf6564bd1931b0803d35c0659e0d016,0x0be8b961cbf6564bd1931b0803d35c0659e0d016
0x59fac4bb8a8d842c2a3678797dda545371790039,0x59fac4bb8a8d842c2a3678797dda545371790039
0x5a274f2c685f6c455ed2b796302eb0d5ab23ae44,0x5a274f2c685f6c455ed2b796302eb0d5ab23ae44
0x9ba399cbc9825343df01b89052d7dadb735a6789,0x9ba399cbc9825343df01b89052d7dadb735a6789
0x00dda474d17461fbab1d9aa9bbfebcf1f027be59,0x00dda474d17461fbab1d9aa9bbfebcf1f027be59
0xae1f31a7a5be4f71a412c15db3c8ea617ad8a228,0xae1f31a7a5be4f71a412c15db3c8ea617ad8a228
0x06ddf4b99f805525bbe16880c5ad949e404b3c08,0x06ddf4b99f805525bbe16880c5ad949e404b3c08
0x49b2606f03f9e2702ee8a55cfaebb2179532bb83,0x49b2606f03f9e2702ee8a55cfaebb2179532bb83
0x62de803337d5221090167d67252eaa9af7309c63,0x62de803337d5221090167d67252eaa9af7309c63
0x624fda027a9cba4c198c6fa30f30787429444f04,0x624fda027a9cba4c198c6fa30f30787429444f04
0x807b755d5374769dd5282a05ebaca84ca70af607,0x807b755d5374769dd5282a05ebaca84ca70af607
0x4c6778d8bb27cab802a9646330f80467044b20d5,0x4c6778d8bb27cab802a9646330f80467044b20d5
0xb2ae7773e14d857d1202cfc2a6a5a2a3de1525f5,0xb2ae7773e14d857d1202cfc2a6a5a2a3de1525f5
0x7a4475701c574b395d8bdea0eb345ee4caca236b,0x7a4475701c574b395d8bdea0eb345ee4caca236b
0xd74eef64c5cdd3b510a72d5c2accf1d536767be1,0xd74eef64c5cdd3b510a72d5c2accf1d536767be1
0x31242027c460db3bf63a70dbfafc718fa62536fa,0x31242027c460db3bf63a70dbfafc718fa62536fa
0xecc65c3341c66520097bd29be2afd891f4907bfc,0xecc65c3341c66520097bd29be2afd891f4907bfc
0xb4d6ca4458b980071a68e7da1a8b7c2c72bcaeb1,0xb4d6ca4458b980071a68e7da1a8b7c2c72bcaeb1
0x6ead1c4af1a3ec2c4c776728cf51e5bd56a9d3d1,0x6ead1c4af1a3ec2c4c776728cf51e5bd56a9d3d1
0xc15a5e5f4c81cc34e80dab95a90d69877c6890b1,0xc15a5e5f4c81cc34e80dab95a90d69877c6890b1
0x17e940fe214d7c6574de0406dedd6f4fc79bf2ac,0x17e940fe214d7c6574de0406dedd6f4fc79bf2ac
0x4bd284197e014d0072bf8440a851192fa44b55b9,0x4bd284197e014d0072bf8440a851192fa44b55b9
0xafb9255e68ce8919555a5450baa88b6e54c8f6d7,0xafb9255e68ce8919555a5450baa88b6e54c8f6d7
0x62224ed3fb2005c301d564a3379dc92ec82c37a7,0x62224ed3fb2005c301d564a3379dc92ec82c37a7
0xdbd8fa8547b2ea4a668613facbf69db513d22282,0xdbd8fa8547b2ea4a668613facbf69db513d22282
0x1cf3c9900d26efd4cb9298aca0ff64b672cdcc2c,0x1cf3c9900d26efd4cb9298aca0ff64b672cdcc2c
0xe96655cd297300d95a1cdf350ba394208c5776cf,0xe96655cd297300d95a1cdf350ba394208c5776cf
0x65b31c40c91fc229f1571aebc93f33f859575d67,0x65b31c40c91fc229f1571aebc93f33f859575d67
0x09b75a512fe26a0c163a6c1b4c79f4680418cb6d,0x09b75a512fe26a0c163a6c1b4c79f4680418cb6d
0x30d6f75dba9a454dc63fd6c0b4e7168c98cbc021,0x30d6f75dba9a454dc63fd6c0b4e7168c98cbc021
0x641daa44170d795982a54f05d0fc94c3d6293c51,0x641daa44170d795982a54f05d0fc94c3d6293c51
0x448961982b74ee05dd9f4ba5c33097085482f7ac,0x448961982b74ee05dd9f4ba5c33097085482f7ac
0x8c795975a611094c30d76652dc6e64701c90b56b,0x8c795975a611094c30d76652dc6e64701c90b56b
0xa80b1ea7ce867240c64c17c66f17b0016a220e50,0xa80b1ea7ce867240c64c17c66f17b0016a220e50
0x8dafa94db6262847ae7318f7b6709877ef988bef,0x8dafa94db6262847ae7318f7b6709877ef988bef
0x21104e56c69e12b15c37905e80c69c9c6a1e1ff3,0x21104e56c69e12b15c37905e80c69c9c6a1e1ff3
0xa0200f66b85ade5d479e5344785f65d06ce7df51,0xa0200f66b85ade5d479e5344785f65d06ce7df51
0x73329c2737007a1b43ba19d501b10afe5580f3fa,0x73329c2737007a1b43ba19d501b10afe5580f3fa
0x82104979f7a4972f41bf1e680d064efbe3927845,0x82104979f7a4972f41bf1e680d064efbe3927845
0xbe1a31e28ba439996fd75ff29a616f627562fb09,0xbe1a31e28ba439996fd75ff29a616f627562fb09
0xb02d74907bde30ce16c40344d19a4eb55dc4f19e,0xb02d74907bde30ce16c40344d19a4eb55dc4f19e
0x3cc31efceefadc2a86716a3bee91d1917418e29a,0x3cc31efceefadc2a86716a3bee91d1917418e29a
0x44537beefda25503da0317628298c6c8369b3ee3,0x44537beefda25503da0317628298c6c8369b3ee3
0x6c11b64c4408c80a9ebdc61fac618dcf2b69ed9c,0x6c11b64c4408c80a9ebdc61fac618dcf2b69ed9c
0xbccd1be467df97ce6e88bc0f8be03f59cffad179,0xbccd1be467df97ce6e88bc0f8be03f59cffad179
0x0f7aa5a9051f50d8737cf084bb48e38fb2585dee,0x0f7aa5a9051f50d8737cf084bb48e38fb2585dee
0x842919061b9e12b79aee30035dd97bac4b373121,0x842919061b9e12b79aee30035dd97bac4b373121
0xa1eb0b1ffbf3af68caa8ef1ce80e4276a81a8894,0xa1eb0b1ffbf3af68caa8ef1ce80e4276a81a8894
0xd8c0a1bcb7df84d3cc4c97c28c18f4eedbd5b3f4,0xd8c0a1bcb7df84d3cc4c97c28c18f4eedbd5b3f4
0xdc72e6fd83cb9356f9e32dcfa6e8c1d85329214f,0xdc72e6fd83cb9356f9e32dcfa6e8c1d85329214f
0x5de8b8dfcf94b4f58665b450b05c39e15290878a,0x5de8b8dfcf94b4f58665b450b05c39e15290878a
0xd88b7ce3594f12ff3134d2f3fccff111558157d4,0xd88b7ce3594f12ff3134d2f3fccff111558157d4
0xb37a69c4f4eb82af5ccba06ae2bd9fafb8940077,0xb37a69c4f4eb82af5ccba06ae2bd9fafb8940077
0x0cb08dff06fcb06245c6998f5ac78daa5d5de145,0x0cb08dff06fcb06245c6998f5ac78daa5d5de145
0x25b6f5f1525f0074d53570ea2fb4cd9ee545b296,0x25b6f5f1525f0074d53570ea2fb4cd9ee545b296
0x74fad5c0b0d81b8fbdac1fc303b5d995ec9dd9d6,0x74fad5c0b0d81b8fbdac1fc303b5d995ec9dd9d6
0x88d91066f19fd06081a5b9c9cce99dc51af5aa20,0x88d91066f19fd06081a5b9c9cce99dc51af5aa20
0x2cd4d7d73a89a48d74e62188266a91093c345047,0x2cd4d7d73a89a48d74e62188266a91093c345047
0x8336c84dee0914f3a8e744ee66eec9379bdee853,0x8336c84dee0914f3a8e744ee66eec9379bdee853
0x89985afc00255306fc3d256758a24917129083b2,0x89985afc00255306fc3d256758a24917129083b2
0xb218a3c51933ee203c157fafcdc28cd7e26e261a,0xb218a3c51933ee203c157fafcdc28cd7e26e261a
0x732688e8a807fd0017fc185fe74ff518e7e17f5e,0x732688e8a807fd0017fc185fe74ff518e7e17f5e
0xf68884d7f869dfb12a704ec335e9d8e7220d7ed8,0xf68884d7f869dfb12a704ec335e9d8e7220d7ed8
0x761b375e74a3cc89ccf8b3a920678fd54aee02ad,0x761b375e74a3cc89ccf8b3a920678fd54aee02ad
0x94e08736426948c5f463ac243416f0473f680b2b,0x94e08736426948c5f463ac243416f0473f680b2b
0x71599e647907d5f888cca108f912f4770f95c019,0x71599e647907d5f888cca108f912f4770f95c019
0xa89556e84d72ba68845900602e2d922af77e6eb9,0xa89556e84d72ba68845900602e2d922af77e6eb9
0xe8a55f0e6484cd3b636baf98d19036189119adca,0xe8a55f0e6484cd3b636baf98d19036189119adca
0x580dd14c85b6aeacbee7b0fbdeda9ecd8365b338,0x580dd14c85b6aeacbee7b0fbdeda9ecd8365b338
0x870aecba5ac6457aaef0a5c238e6f56335f43738,0x870aecba5ac6457aaef0a5c238e6f56335f43738
0x09baed9e96afa7e959fdf0c2a89aa0308f0d14c0,0x09baed9e96afa7e959fdf0c2a89aa0308f0d14c0
0x48b88faf3b4bd634189364e7a7c1e8b8a3a5eeb2,0x48b88faf3b4bd634189364e7a7c1e8b8a3a5eeb2
0x651a813580df6cf00d6d642379b5f04253a9d6f6,0x651a813580df6cf00d6d642379b5f04253a9d6f6
0x242545a3b72f48813102e973db785510c5398430,0x242545a3b72f48813102e973db785510c5398430
0x0c38fad0048f57da514e3638d5ec0770f8f2c53d,0x0c38fad0048f57da514e3638d5ec0770f8f2c53d
0x682056c10e068d43a58c42d9be7916d48b1549da,0x682056c10e068d43a58c42d9be7916d48b1549da
0x1c18c757386c7e2275d3f78c0b8cd80265149d2f,0x1c18c757386c7e2275d3f78c0b8cd80265149d2f
0x2ffe865328884fa81ee720f1e989863da8d5367d,0x2ffe865328884fa81ee720f1e989863da8d5367d
0x674a103f2947c53277c08c54800b354a38aaf403,0x674a103f2947c53277c08c54800b354a38aaf403
0x9f6821b0b9b377c8743852a4fe222cd2cd63c75c,0x9f6821b0b9b377c8743852a4fe222cd2cd63c75c
0xe5321e07497d74ef16580fe1de6fee6fb18cdc16,0xe5321e07497d74ef16580fe1de6fee6fb18cdc16
0xe589fc04ccbedb95950f25258d2a81119e6367c4,0xe589fc04ccbedb95950f25258d2a81119e6367c4
0xf2983298f0430b53d7df93e87fac3f7e16fecdbf,0xf2983298f0430b53d7df93e87fac3f7e16fecdbf
0xaccc34d7a2bd60224f7df5ed853a6095fba21a9c,0xaccc34d7a2bd60224f7df5ed853a6095fba21a9c
0xe9e4993aa434d1e7cb64db6a57507ae37257d4b6,0xe9e4993aa434d1e7cb64db6a57507ae37257d4b6
0x390cc99e7bb9c6fcdf6d482bb55c445b04f73b82,0x390cc99e7bb9c6fcdf6d482bb55c445b04f73b82
0xd63075290a6beaa7dd9a6746ae3e3c3b9983cba0,0xd63075290a6beaa7dd9a6746ae3e3c3b9983cba0
0x948908dc67ffb733cd180e5575aae3fa58ca8ee9,0x948908dc67ffb733cd180e5575aae3fa58ca8ee9
0xfaefcb66eaadaa24b98de173fbecdef03e6b6bdc,0xfaefcb66eaadaa24b98de173fbecdef03e6b6bdc
0xa17db2f772f12806f5a4c01c41a5edcedb4a500d,0xa17db2f772f12806f5a4c01c41a5edcedb4a500d
0xab2f92058e96a1c8ce0b65ad2cecfeeda973dc34,0xab2f92058e96a1c8ce0b65ad2cecfeeda973dc34
0x03a4435cc81249e49f8e3b9488252042d89e5c83,0x03a4435cc81249e49f8e3b9488252042d89e5c83
0x9d0591fcec26c86e188db6a2d6a0737be5f44419,0x9d0591fcec26c86e188db6a2d6a0737be5f44419
0xc830184c97ba6fcdc3f730b75038ac47c6a4ef45,0xc830184c97ba6fcdc3f730b75038ac47c6a4ef45
0xc1e881dcac0f983e8443639fa79af9c1dabb28c9,0xc1e881dcac0f983e8443639fa79af9c1dabb28c9
